name,team,minutes,expected_goals_conceded,saves,selected,bps,influence,creativity,position_DEF,position_FWD,position_GK,position_MID,GW,predicted_clean_sheets
Aaron Cresswell,West Ham,2.8095238095238093,0.10904761904761905,0.0,179178.2380952381,1.0476190476190477,0.7523809523809524,1.9,1.0,0.0,0.0,0.0,25,0.0
Aaron Hickey,Brentford,0.0,0.0,0.0,1653.3333333333333,0.0,0.0,0.0,1.0,0.0,0.0,0.0,25,0.0
Aaron Ramsdale,Arsenal,0.0,0.0,0.0,71648.0,0.0,0.0,0.0,0.0,0.0,1.0,0.0,25,0.0
Aaron Ramsdale,Southampton,66.3157894736842,1.7299999999999998,3.210526315789474,184094.15789473685,8.631578947368421,23.273684210526316,0.0,0.0,0.0,1.0,0.0,25,0.01
Aaron Wan-Bissaka,West Ham,81.61904761904762,1.6800000000000002,0.0,358256.85714285716,11.0,19.64761904761905,13.252380952380953,1.0,0.0,0.0,0.0,25,0.0
Abdoulaye Doucouré,Everton,71.2,1.113,0.0,25656.4,7.5,6.790000000000001,10.965,0.0,0.0,0.0,1.0,25,0.28
Abdul Fatawu,Leicester,27.428571428571427,0.5238095238095238,0.0,37365.142857142855,5.9523809523809526,7.0285714285714285,4.966666666666667,0.0,0.0,0.0,1.0,25,0.0
Adam Armstrong,Southampton,53.80952380952381,1.429047619047619,0.0,102982.61904761905,6.619047619047619,7.190476190476191,6.661904761904762,0.0,1.0,0.0,0.0,25,0.0
Adam Lallana,Southampton,15.333333333333334,0.3219047619047619,0.0,3034.6666666666665,3.1904761904761907,3.6952380952380954,3.9000000000000004,0.0,0.0,0.0,1.0,25,0.0
Adam Smith,Bournemouth,49.142857142857146,0.5957142857142858,0.0,20750.619047619046,4.428571428571429,5.533333333333333,2.961904761904762,1.0,0.0,0.0,0.0,25,0.0
Adam Webster,Brighton,7.809523809523809,0.21000000000000002,0.0,8128.333333333333,1.9047619047619047,2.1523809523809527,0.20952380952380953,1.0,0.0,0.0,0.0,25,0.0
Adam Wharton,Crystal Palace,29.571428571428573,0.4471428571428572,0.0,27508.714285714286,4.9523809523809526,5.3619047619047615,6.257142857142857,0.0,0.0,0.0,1.0,25,0.0
Adama Traoré,Fulham,45.476190476190474,0.5995238095238096,0.0,266858.5714285714,9.761904761904763,9.6,17.03333333333333,0.0,0.0,0.0,1.0,25,0.0
Adrian Mazilu,Brighton,0.0,0.0,0.0,2044.7619047619048,0.0,0.0,0.0,0.0,0.0,0.0,1.0,25,0.0
Alejandro Garnacho,Man Utd,53.19047619047619,0.9528571428571427,0.0,1002348.1904761905,8.952380952380953,11.333333333333334,12.104761904761904,0.0,0.0,0.0,1.0,25,0.0
Alejo Véliz,Spurs,0.0,0.0,0.0,718.2857142857143,0.0,0.0,0.0,0.0,1.0,0.0,0.0,25,0.0
Alex Iwobi,Fulham,86.0,1.1257142857142857,0.0,331246.5238095238,21.61904761904762,25.933333333333334,28.75238095238095,0.0,0.0,0.0,1.0,25,0.2
Alex McCarthy,Southampton,17.142857142857142,0.3947619047619047,0.9047619047619048,17820.666666666668,1.1904761904761905,6.0285714285714285,0.0,0.0,0.0,1.0,0.0,25,0.0
Alex Mighten,Nott'm Forest,0.0,0.0,0.0,2293.5238095238096,0.0,0.0,0.0,0.0,0.0,0.0,1.0,25,0.0
Alex Murphy,Newcastle,0.0,0.0,0.0,91883.90476190476,0.0,0.0,0.0,1.0,0.0,0.0,0.0,25,0.0
Alex Paulsen,Bournemouth,0.0,0.0,0.0,3172.3809523809523,0.0,0.0,0.0,0.0,0.0,1.0,0.0,25,0.0
Alex Scott,Bournemouth,12.285714285714286,0.17476190476190476,0.0,4020.3333333333335,2.5714285714285716,3.380952380952381,3.119047619047619,0.0,0.0,0.0,1.0,25,0.0
Alexander Isak,Newcastle,73.42857142857143,0.970952380952381,0.0,3239207.1428571427,26.61904761904762,33.333333333333336,19.68095238095238,0.0,1.0,0.0,0.0,25,0.49
Alexis Mac Allister,Liverpool,70.55,0.6285000000000001,0.0,178781.05,14.3,15.12,18.5,0.0,0.0,0.0,1.0,25,0.56
Alfie Devine,Spurs,0.0,0.0,0.0,7546.809523809524,0.0,0.0,0.0,0.0,0.0,0.0,1.0,25,0.0
Alfie Dorrington,Spurs,2.1666666666666665,0.006666666666666667,0.0,711.0,0.6666666666666666,0.16666666666666666,0.03333333333333333,1.0,0.0,0.0,0.0,25,0.0
Alfie Gilchrist,Chelsea,0.0,0.0,0.0,4878.761904761905,0.0,0.0,0.0,1.0,0.0,0.0,0.0,25,0.0
Alfie Pond,Wolves,0.0625,0.0,0.0,45040.875,0.1875,0.0,0.0,1.0,0.0,0.0,0.0,25,0.0
Alfie Whiteman,Spurs,0.0,0.0,0.0,151034.33333333334,0.0,0.0,0.0,0.0,0.0,1.0,0.0,25,0.0
Ali Al-Hamadi,Ipswich,5.9523809523809526,0.18285714285714286,0.0,35063.0,0.7142857142857143,0.26666666666666666,1.2238095238095237,0.0,1.0,0.0,0.0,25,0.0
Alisson Ramses Becker,Liverpool,53.4,0.4135,1.15,805465.15,9.3,10.09,0.65,0.0,0.0,1.0,0.0,25,0.0
Alphonse Areola,West Ham,43.285714285714285,0.8371428571428571,1.619047619047619,646079.7619047619,3.5714285714285716,12.495238095238093,0.0,0.0,0.0,1.0,0.0,25,0.0
Altay Bayindir,Man Utd,0.0,0.0,0.0,9789.047619047618,0.0,0.0,0.0,0.0,0.0,1.0,0.0,25,0.0
Amad Diallo,Man Utd,62.904761904761905,1.0595238095238095,0.0,764934.0952380953,20.0,22.97142857142857,20.076190476190476,0.0,0.0,0.0,1.0,25,0.33
Amadou Onana,Aston Villa,47.476190476190474,0.8104761904761905,0.0,547557.0,8.666666666666666,10.0,3.947619047619048,0.0,0.0,0.0,1.0,25,0.0
Amara Nallo,Liverpool,0.0,0.0,0.0,513.0,0.0,0.0,0.0,1.0,0.0,0.0,0.0,25,0.0
Amario Cozier-Duberry,Brighton,0.0,0.0,0.0,5411.619047619048,0.0,0.0,0.0,0.0,0.0,0.0,1.0,25,0.0
Andreas Hoelgebaum Pereira,Fulham,59.19047619047619,0.7280952380952381,0.0,185980.7142857143,10.952380952380953,10.114285714285714,26.214285714285715,0.0,0.0,0.0,1.0,25,0.0
Andrew Moran,Brighton,0.0,0.0,0.0,353.1904761904762,0.0,0.0,0.0,0.0,0.0,0.0,1.0,25,0.0
Andrew Omobamidele,Nott'm Forest,0.0,0.0,0.0,5874.857142857143,0.0,0.0,0.0,1.0,0.0,0.0,0.0,25,0.0
Andrew Robertson,Liverpool,72.15,0.7375,0.0,598917.0,13.1,11.870000000000001,20.925,1.0,0.0,0.0,0.0,25,0.0
Andrey Nascimento dos Santos,Chelsea,0.0,0.0,0.0,408.23809523809524,0.0,0.0,0.0,0.0,0.0,0.0,1.0,25,0.0
André Onana,Man Utd,90.0,1.5076190476190476,2.6666666666666665,814338.619047619,13.666666666666666,22.65714285714286,0.6190476190476191,0.0,0.0,1.0,0.0,25,0.02
André Trindade da Costa Neto,Wolves,55.89473684210526,1.0289473684210526,0.0,2128.4210526315787,11.263157894736842,9.831578947368422,6.38421052631579,0.0,0.0,0.0,1.0,25,0.0
Andy Irving,West Ham,3.9523809523809526,0.14285714285714285,0.0,2571.6190476190477,0.9047619047619048,0.9904761904761905,0.5095238095238095,0.0,0.0,0.0,1.0,25,0.0
Anthony Elanga,Nott'm Forest,57.23809523809524,0.7895238095238094,0.0,140743.47619047618,12.333333333333334,14.333333333333334,16.26666666666667,0.0,0.0,0.0,1.0,25,0.0
Anthony Gordon,Newcastle,75.61904761904762,0.9376190476190477,0.0,1361976.9047619049,18.666666666666668,22.866666666666667,30.204761904761902,0.0,0.0,0.0,1.0,25,0.26
Antoine Semenyo,Bournemouth,83.14285714285714,1.174761904761905,0.0,727340.7142857143,14.857142857142858,19.45714285714286,16.114285714285714,0.0,0.0,0.0,1.0,25,0.47
Antonee Robinson,Fulham,90.0,1.2433333333333334,0.0,1817081.142857143,15.523809523809524,28.676190476190477,23.295238095238094,1.0,0.0,0.0,0.0,25,0.01
Antony Matheus dos Santos,Man Utd,6.142857142857143,0.0976190476190476,0.0,22403.714285714286,1.5238095238095237,1.5714285714285714,2.2095238095238097,0.0,0.0,0.0,1.0,25,0.0
Antonín Kinsky,Spurs,90.0,1.45,3.0,16054.0,11.0,29.4,0.0,0.0,0.0,1.0,0.0,25,0.0
Archie Gray,Spurs,33.0,0.7380952380952381,0.0,17877.333333333332,5.904761904761905,6.276190476190477,0.6190476190476191,0.0,0.0,0.0,1.0,25,0.0
Archie Harris,Bournemouth,0.0,0.0,0.0,522.25,0.0,0.0,0.0,1.0,0.0,0.0,0.0,25,0.0
Arijanet Muric,Ipswich,72.85714285714286,1.6766666666666667,3.238095238095238,100007.09523809524,8.571428571428571,24.314285714285713,0.0,0.0,0.0,1.0,0.0,25,0.01
Armando Broja,Chelsea,0.0,0.0,0.0,8732.0,0.0,0.0,0.0,0.0,1.0,0.0,0.0,25,0.0
Armando Broja,Everton,8.666666666666666,0.13166666666666668,0.0,6694.055555555556,0.3333333333333333,0.6444444444444445,1.5722222222222222,0.0,1.0,0.0,0.0,25,0.0
Armel Bella-Kotchap,Southampton,0.0,0.0,0.0,44457.09523809524,0.0,0.0,0.0,1.0,0.0,0.0,0.0,25,0.0
Asher Agbinone,Crystal Palace,0.21052631578947367,0.0,0.0,4030.684210526316,0.21052631578947367,0.21052631578947367,0.5578947368421053,0.0,0.0,0.0,1.0,25,0.0
Ashley Phillips,Spurs,0.0,0.0,0.0,26554.95238095238,0.0,0.0,0.0,1.0,0.0,0.0,0.0,25,0.0
Ashley Young,Everton,71.9,0.9904999999999999,0.0,163765.6,12.4,17.04,13.129999999999999,1.0,0.0,0.0,0.0,25,0.0
Asmir Begovic,Everton,0.0,0.0,0.0,23808.894736842107,0.0,0.0,0.0,0.0,0.0,1.0,0.0,25,0.0
Axel Disasi,Chelsea,16.666666666666668,0.28904761904761905,0.0,38834.666666666664,3.857142857142857,4.038095238095238,1.6142857142857143,1.0,0.0,0.0,0.0,25,0.0
Axel Tuanzebe,Ipswich,36.666666666666664,0.7371428571428572,0.0,228409.85714285713,2.5714285714285716,5.819047619047619,2.3000000000000003,1.0,0.0,0.0,0.0,25,0.0
Ayden Heaven,Arsenal,0.0,0.0,0.0,4294.0,0.0,0.0,0.0,1.0,0.0,0.0,0.0,25,0.0
Bart Verbruggen,Brighton,81.42857142857143,1.3738095238095238,2.6666666666666665,238513.19047619047,11.095238095238095,24.2,0.0,0.0,0.0,1.0,0.0,25,0.01
Bastien Meupiyou,Wolves,0.0,0.0,0.0,15843.105263157895,0.0,0.0,0.0,1.0,0.0,0.0,0.0,25,0.0
Ben Brereton Díaz,Southampton,21.238095238095237,0.5442857142857143,0.0,30397.0,2.0476190476190474,1.0380952380952382,3.0285714285714285,0.0,0.0,0.0,1.0,25,0.0
Ben Broggio,Aston Villa,0.0,0.0,0.0,479.1,0.0,0.0,0.0,0.0,0.0,0.0,1.0,25,0.0
Ben Chilwell,Chelsea,0.0,0.0,0.0,59206.57142857143,0.0,0.0,0.0,1.0,0.0,0.0,0.0,25,0.0
Ben Davies,Spurs,12.857142857142858,0.24476190476190474,0.0,19348.47619047619,2.4285714285714284,3.4571428571428577,0.11904761904761904,1.0,0.0,0.0,0.0,25,0.0
Ben Doak,Liverpool,0.0,0.0,0.0,2738.5,0.0,0.0,0.0,0.0,0.0,0.0,1.0,25,0.0
Ben Godfrey,Ipswich,0.0,0.0,0.0,941.0,0.0,0.0,0.0,1.0,0.0,0.0,0.0,25,0.0
Ben Johnson,Ipswich,31.952380952380953,0.9466666666666667,0.0,281397.04761904763,1.5714285714285714,6.857142857142857,2.2523809523809524,1.0,0.0,0.0,0.0,25,0.0
Ben Mee,Brentford,8.285714285714286,0.1219047619047619,0.0,52199.09523809524,1.0952380952380953,1.6095238095238094,0.14285714285714285,1.0,0.0,0.0,0.0,25,0.0
Ben Nelson,Leicester,0.0,0.0,0.0,2413.285714285714,0.0,0.0,0.0,1.0,0.0,0.0,0.0,25,0.0
Ben Winterburn,Bournemouth,0.8888888888888888,0.0,0.0,590.3333333333334,0.3333333333333333,0.022222222222222223,0.0,0.0,0.0,0.0,1.0,25,0.0
Benicio Baker-Boaitey,Brighton,0.0,0.0,0.0,324.2857142857143,0.0,0.0,0.0,0.0,0.0,0.0,1.0,25,0.0
Benjamin Arthur,Brentford,0.0,0.0,0.0,488.25,0.0,0.0,0.0,1.0,0.0,0.0,0.0,25,0.0
Benjamin White,Arsenal,33.04761904761905,0.47000000000000003,0.0,499647.1904761905,5.333333333333333,6.114285714285715,2.6333333333333333,1.0,0.0,0.0,0.0,25,0.0
Benoît Badiashile,Chelsea,11.761904761904763,0.22047619047619052,0.0,12470.52380952381,1.0476190476190477,2.2952380952380955,0.41904761904761906,1.0,0.0,0.0,0.0,25,0.0
Bernardo Veiga de Carvalho e Silva,Man City,82.57142857142857,1.371904761904762,0.0,488225.3333333333,17.476190476190474,17.704761904761906,26.009523809523813,0.0,0.0,0.0,1.0,25,0.32
Bernd Leno,Fulham,90.0,1.2433333333333334,2.8095238095238093,279230.61904761905,12.476190476190476,24.580952380952382,0.47619047619047616,0.0,0.0,1.0,0.0,25,0.02
Bilal El Khannouss,Leicester,45.31578947368421,1.072105263157895,0.0,11678.473684210527,8.0,7.578947368421052,11.41578947368421,0.0,0.0,0.0,1.0,25,0.0
Billy Gilmour,Brighton,4.619047619047619,0.06285714285714286,0.0,6062.952380952381,1.0,0.5428571428571429,0.5666666666666667,0.0,0.0,0.0,1.0,25,0.0
Bobby Clark,Liverpool,0.0,0.0,0.0,2307.75,0.0,0.0,0.0,0.0,0.0,0.0,1.0,25,0.0
Bobby De Cordova-Reid,Leicester,12.952380952380953,0.3047619047619048,0.0,8642.52380952381,4.333333333333333,2.3333333333333335,0.9619047619047618,0.0,0.0,0.0,1.0,25,0.0
Boubacar Kamara,Aston Villa,36.333333333333336,0.4947619047619048,0.0,1401.2857142857142,6.333333333333333,6.476190476190476,4.628571428571429,0.0,0.0,0.0,1.0,25,0.0
Boubacar Traoré,Wolves,0.0,0.0,0.0,3254.5714285714284,0.0,0.0,0.0,0.0,0.0,0.0,1.0,25,0.0
Boubakary Soumaré,Leicester,43.857142857142854,0.901904761904762,0.0,33336.09523809524,5.523809523809524,5.780952380952381,4.785714285714286,0.0,0.0,0.0,1.0,25,0.0
Brajan Gruda,Brighton,15.095238095238095,0.26142857142857145,0.0,2514.714285714286,2.0476190476190474,2.4,5.514285714285714,0.0,0.0,0.0,1.0,25,0.0
Brandon Austin,Spurs,4.285714285714286,0.12047619047619047,0.09523809523809523,52520.0,0.3333333333333333,0.9523809523809523,0.0,0.0,0.0,1.0,0.0,25,0.0
Brennan Johnson,Spurs,70.95238095238095,1.210952380952381,0.0,638843.0952380953,14.285714285714286,18.104761904761904,10.27142857142857,0.0,0.0,0.0,1.0,25,0.34
Bruno Borges Fernandes,Man Utd,78.80952380952381,1.2247619047619047,0.0,1290082.4761904762,19.38095238095238,24.361904761904764,32.13809523809524,0.0,0.0,0.0,1.0,25,0.33
Bruno Guimarães Rodriguez Moura,Newcastle,87.38095238095238,1.1795238095238094,0.0,212051.95238095237,17.857142857142858,19.257142857142856,21.804761904761904,0.0,0.0,0.0,1.0,25,0.27
Bryan Gil Salvatierra,Spurs,0.0,0.0,0.0,139.57142857142858,0.0,0.0,0.0,0.0,0.0,0.0,1.0,25,0.0
Bryan Mbeumo,Brentford,89.76190476190476,1.611904761904762,0.0,2808226.380952381,26.0,35.59047619047619,30.842857142857145,0.0,0.0,0.0,1.0,25,0.15
Bukayo Saka,Arsenal,60.38095238095238,0.5009523809523809,0.0,3069584.619047619,20.714285714285715,24.580952380952382,30.0,0.0,0.0,0.0,1.0,25,0.22
Caleb Kporha,Crystal Palace,0.7333333333333333,0.004,0.0,2241.2,0.06666666666666667,0.5333333333333333,0.30666666666666664,1.0,0.0,0.0,0.0,25,0.0
Caleb Okoli,Leicester,38.04761904761905,0.9647619047619048,0.0,81055.52380952382,4.0,11.257142857142858,0.5095238095238095,1.0,0.0,0.0,0.0,25,0.0
Caleb Wiley,Chelsea,0.0,0.0,0.0,2779.9523809523807,0.0,0.0,0.0,1.0,0.0,0.0,0.0,25,0.0
Callum Bates,Everton,0.0,0.0,0.0,504.3,0.0,0.0,0.0,0.0,0.0,0.0,1.0,25,0.0
Callum Hudson-Odoi,Nott'm Forest,70.85714285714286,0.7338095238095238,0.0,227877.90476190476,13.523809523809524,12.466666666666667,22.242857142857144,0.0,0.0,0.0,1.0,25,0.65
Callum Olusesi,Spurs,0.0,0.0,0.0,442.4,0.0,0.0,0.0,0.0,0.0,0.0,1.0,25,0.0
Callum Wilson,Newcastle,2.7142857142857144,0.05571428571428571,0.0,5025.857142857143,0.2857142857142857,0.09523809523809523,0.08095238095238096,0.0,1.0,0.0,0.0,25,0.0
Calvin Bassey,Fulham,85.71428571428571,1.141904761904762,0.0,45195.09523809524,10.142857142857142,15.371428571428572,2.6095238095238096,1.0,0.0,0.0,0.0,25,0.0
Cameron Archer,Southampton,45.19047619047619,1.2719047619047619,0.0,209315.66666666666,4.857142857142857,4.409523809523809,2.0428571428571427,0.0,1.0,0.0,0.0,25,0.0
Cameron Burgess,Ipswich,38.57142857142857,0.8847619047619049,0.0,157594.19047619047,3.619047619047619,9.885714285714286,1.9761904761904763,1.0,0.0,0.0,0.0,25,0.0
Cameron Humphreys,Ipswich,0.0,0.0,0.0,2273.190476190476,0.0,0.0,0.0,0.0,0.0,0.0,1.0,25,0.0
Cameron Peupion,Brighton,0.0,0.0,0.0,6195.428571428572,0.0,0.0,0.0,0.0,0.0,0.0,1.0,25,0.0
Caoimhin Kelleher,Liverpool,36.0,0.484,1.2,188911.15,6.35,9.84,0.0,0.0,0.0,1.0,0.0,25,0.0
Carl Rushworth,Brighton,0.0,0.0,0.0,5629.571428571428,0.0,0.0,0.0,0.0,0.0,1.0,0.0,25,0.0
Carlos Alcaraz Durán,Southampton,0.42857142857142855,0.0,0.0,3707.8571428571427,0.19047619047619047,0.4,0.7571428571428571,0.0,0.0,0.0,1.0,25,0.0
Carlos Baleba,Brighton,63.80952380952381,0.9571428571428572,0.0,18703.0,12.476190476190476,13.761904761904763,9.057142857142859,0.0,0.0,0.0,1.0,25,0.17
Carlos Henrique Casimiro,Man Utd,39.666666666666664,0.7504761904761905,0.0,62912.76190476191,9.285714285714286,11.866666666666667,11.27142857142857,0.0,0.0,0.0,1.0,25,0.0
Carlos Miguel dos Santos Pereira,Nott'm Forest,0.0,0.0,0.0,21203.619047619046,0.0,0.0,0.0,0.0,0.0,1.0,0.0,25,0.0
Carlos Roberto Forbs Borges,Wolves,13.055555555555555,0.4466666666666666,0.0,2186.3888888888887,1.7777777777777777,1.4333333333333331,1.338888888888889,0.0,0.0,0.0,1.0,25,0.0
Carlos Soler,West Ham,43.888888888888886,0.9449999999999998,0.0,2136.1666666666665,7.388888888888889,5.98888888888889,8.822222222222221,0.0,0.0,0.0,1.0,25,0.0
Carlos Vinícius Alves Morais,Fulham,0.14285714285714285,0.0,0.0,39988.80952380953,0.2857142857142857,0.19047619047619047,0.0,0.0,1.0,0.0,0.0,25,0.0
Carney Chukwuemeka,Chelsea,0.0,0.0,0.0,5303.0,0.0,0.0,0.0,0.0,0.0,0.0,1.0,25,0.0
Cesare Casadei,Chelsea,0.0,0.0,0.0,14160.57142857143,0.0,0.0,0.0,0.0,0.0,0.0,1.0,25,0.0
Chadi Riad Dnanou,Crystal Palace,4.285714285714286,0.06619047619047619,0.0,6739.333333333333,0.14285714285714285,0.8666666666666666,0.06190476190476191,1.0,0.0,0.0,0.0,25,0.0
Charlie Taylor,Southampton,12.523809523809524,0.36238095238095236,0.0,490066.38095238095,0.7619047619047619,3.457142857142857,1.2619047619047619,1.0,0.0,0.0,0.0,25,0.0
Cheick Doucouré,Crystal Palace,21.095238095238095,0.35857142857142854,0.0,7335.285714285715,3.380952380952381,2.7904761904761903,1.2238095238095237,0.0,0.0,0.0,1.0,25,0.0
Chiedozie Ogbene,Ipswich,12.473684210526315,0.12421052631578947,0.0,1081.4736842105262,1.5263157894736843,1.2,1.5894736842105264,0.0,0.0,0.0,1.0,25,0.0
Chris Mepham,Bournemouth,0.0,0.0,0.0,4003.3333333333335,0.0,0.0,0.0,1.0,0.0,0.0,0.0,25,0.0
Chris Richards,Crystal Palace,33.95238095238095,0.6404761904761904,0.0,13033.904761904761,3.5714285714285716,6.352380952380953,0.34285714285714286,1.0,0.0,0.0,0.0,25,0.0
Chris Wood,Nott'm Forest,79.0952380952381,0.9471428571428572,0.0,1949248.1904761905,21.857142857142858,23.685714285714287,6.1380952380952385,0.0,1.0,0.0,0.0,25,0.8
Christian Eriksen,Man Utd,29.952380952380953,0.5380952380952381,0.0,20514.85714285714,6.190476190476191,5.247619047619048,12.538095238095238,0.0,0.0,0.0,1.0,25,0.0
Christian Nørgaard,Brentford,69.95238095238095,1.2152380952380952,0.0,16961.428571428572,13.476190476190476,17.295238095238094,8.142857142857142,0.0,0.0,0.0,1.0,25,0.27
Christian Walton,Ipswich,17.142857142857142,0.3742857142857143,0.5714285714285714,19877.666666666668,2.380952380952381,4.6,0.47619047619047616,0.0,0.0,1.0,0.0,25,0.0
Christopher Nkunku,Chelsea,18.476190476190474,0.46,0.0,433982.3333333333,5.190476190476191,6.123809523809523,5.447619047619048,0.0,0.0,0.0,1.0,25,0.0
Cieran Slicker,Ipswich,0.0,0.0,0.0,77338.57142857143,0.0,0.0,0.0,0.0,0.0,1.0,0.0,25,0.0
Cody Gakpo,Liverpool,53.55,0.493,0.0,331425.1,15.95,17.58,15.594999999999999,0.0,1.0,0.0,0.0,25,0.0
Cole Palmer,Chelsea,87.52380952380952,1.3252380952380953,0.0,5696264.0,32.714285714285715,38.666666666666664,39.63333333333333,0.0,0.0,0.0,1.0,25,0.33
Conor Bradley,Liverpool,11.75,0.188,0.0,37118.35,2.35,2.17,0.75,1.0,0.0,0.0,0.0,25,0.0
Conor Chaplin,Ipswich,28.80952380952381,0.6952380952380952,0.0,13396.714285714286,5.476190476190476,4.552380952380953,5.733333333333333,0.0,0.0,0.0,1.0,25,0.0
Conor Coady,Leicester,33.904761904761905,0.7985714285714286,0.0,33613.90476190476,1.2857142857142858,6.923809523809524,1.1333333333333333,1.0,0.0,0.0,0.0,25,0.0
Conor Gallagher,Chelsea,0.0,0.0,0.0,22053.761904761905,0.0,0.0,0.0,0.0,0.0,0.0,1.0,25,0.0
Conor Townsend,Ipswich,0.047619047619047616,0.010952380952380953,0.0,43467.71428571428,0.09523809523809523,0.19047619047619047,0.47619047619047616,1.0,0.0,0.0,0.0,25,0.0
Corrie Ndaba,Ipswich,0.0,0.0,0.0,553.5714285714286,0.0,0.0,0.0,1.0,0.0,0.0,0.0,25,0.0
Craig Dawson,Wolves,46.142857142857146,0.8838095238095237,0.0,19135.190476190477,2.7142857142857144,9.723809523809523,1.4904761904761905,1.0,0.0,0.0,0.0,25,0.0
Cristian Romero,Spurs,46.38095238095238,0.6123809523809524,0.0,746522.1428571428,8.80952380952381,11.885714285714286,4.5285714285714285,1.0,0.0,0.0,0.0,25,0.0
Crysencio Summerville,West Ham,36.95238095238095,0.8371428571428571,0.0,51863.57142857143,6.142857142857143,7.447619047619048,11.719047619047618,0.0,0.0,0.0,1.0,25,0.0
Curtis Jones,Liverpool,44.0,0.5385,0.0,39547.35,12.55,13.01,7.665000000000001,0.0,0.0,0.0,1.0,25,0.0
Daichi Kamada,Crystal Palace,36.523809523809526,0.6771428571428572,0.0,19633.619047619046,4.9523809523809526,5.847619047619047,9.066666666666666,0.0,0.0,0.0,1.0,25,0.0
Dan Burn,Newcastle,85.71428571428571,1.1547619047619047,0.0,1012882.0,13.095238095238095,16.504761904761907,1.5904761904761904,1.0,0.0,0.0,0.0,25,0.0
Dane Scarlett,Spurs,0.0,0.0,0.0,9413.333333333334,0.0,0.0,0.0,0.0,1.0,0.0,0.0,25,0.0
Dango Ouattara,Bournemouth,45.95238095238095,0.7257142857142858,0.0,5288.333333333333,11.0,15.8,11.657142857142858,0.0,0.0,0.0,1.0,25,0.0
Daniel Adu-Adjei,Bournemouth,0.0,0.0,0.0,0.0,0.0,0.0,0.0,0.0,1.0,0.0,0.0,25,0.0
Daniel Bentley,Wolves,0.0,0.0,0.0,178734.7619047619,0.0,0.0,0.0,0.0,0.0,1.0,0.0,25,0.0
Daniel Castelo Podence,Wolves,2.1904761904761907,0.03333333333333334,0.0,2978.5714285714284,0.42857142857142855,0.14285714285714285,0.05238095238095238,0.0,0.0,0.0,1.0,25,0.0
Daniel Iversen,Leicester,0.0,0.0,0.0,72066.19047619047,0.0,0.0,0.0,0.0,0.0,1.0,0.0,25,0.0
Daniel Jebbison,Bournemouth,1.5714285714285714,0.025714285714285717,0.0,175714.52380952382,0.47619047619047616,0.2571428571428572,1.0095238095238095,0.0,1.0,0.0,0.0,25,0.0
Daniel Muñoz,Crystal Palace,81.61904761904762,1.2595238095238095,0.0,308864.38095238095,11.523809523809524,20.114285714285714,16.552380952380954,1.0,0.0,0.0,0.0,25,0.0
Danilo dos Santos de Oliveira,Nott'm Forest,0.6666666666666666,0.013333333333333334,0.0,1983.6666666666667,0.047619047619047616,0.0,0.004761904761904762,0.0,0.0,0.0,1.0,25,0.0
Danny Ings,West Ham,9.619047619047619,0.17095238095238094,0.0,179794.14285714287,4.619047619047619,4.438095238095238,3.019047619047619,0.0,1.0,0.0,0.0,25,0.0
Danny Ward,Leicester,6.428571428571429,0.15952380952380954,0.19047619047619047,232464.0,-0.23809523809523808,1.6857142857142857,0.0,0.0,0.0,1.0,0.0,25,0.0
Danny Welbeck,Brighton,53.476190476190474,0.9871428571428572,0.0,1564454.761904762,11.904761904761905,13.952380952380953,8.29047619047619,0.0,1.0,0.0,0.0,25,0.0
Dara O'Shea,Ipswich,83.78947368421052,1.8715789473684212,0.0,122962.42105263157,7.421052631578948,22.073684210526313,0.7210526315789474,1.0,0.0,0.0,0.0,25,0.0
Darwin Núñez Ribeiro,Liverpool,37.45,0.5275000000000001,0.0,264358.9,7.05,7.409999999999999,4.3100000000000005,0.0,1.0,0.0,0.0,25,0.0
David Brooks,Bournemouth,16.0,0.30857142857142855,0.0,1743.2857142857142,5.095238095238095,5.314285714285714,4.457142857142857,0.0,0.0,0.0,1.0,25,0.0
David Datro Fofana,Chelsea,0.0,0.0,0.0,8311.666666666666,0.0,0.0,0.0,0.0,1.0,0.0,0.0,25,0.0
David Ozoh,Crystal Palace,0.0,0.0,0.0,169.8095238095238,0.0,0.0,0.0,0.0,0.0,0.0,1.0,25,0.0
David Raya Martin,Arsenal,90.0,0.8861904761904762,2.380952380952381,3130729.6666666665,14.095238095238095,20.847619047619048,0.0,0.0,0.0,1.0,0.0,25,0.03
Dean Henderson,Crystal Palace,90.0,1.4514285714285715,2.9047619047619047,1247277.0476190476,11.904761904761905,23.80952380952381,0.47619047619047616,0.0,0.0,1.0,0.0,25,0.01
Dean Huijsen,Bournemouth,46.19047619047619,0.7495238095238095,0.0,79100.71428571429,10.761904761904763,16.676190476190477,6.147619047619047,1.0,0.0,0.0,0.0,25,0.0
Declan Rice,Arsenal,69.95238095238095,0.6447619047619048,0.0,328731.6666666667,14.952380952380953,15.857142857142858,23.795238095238094,0.0,0.0,0.0,1.0,25,0.67
Deivid Washington de Souza Eugênio,Chelsea,0.0,0.0,0.0,14516.619047619048,0.0,0.0,0.0,0.0,1.0,0.0,0.0,25,0.0
Dejan Kulusevski,Spurs,79.9047619047619,1.4704761904761905,0.0,395507.3333333333,15.380952380952381,22.323809523809523,31.52857142857143,0.0,0.0,0.0,1.0,25,0.39
Deniz Undav,Brighton,0.0,0.0,0.0,650.4761904761905,0.0,0.0,0.0,0.0,1.0,0.0,0.0,25,0.0
Destiny Udogie,Spurs,68.0952380952381,1.119047619047619,0.0,312678.7619047619,9.714285714285714,11.838095238095239,10.061904761904762,1.0,0.0,0.0,0.0,25,0.0
Diego Carlos Santos Silva,Aston Villa,39.42857142857143,0.5657142857142856,0.0,48418.04761904762,3.2857142857142856,7.171428571428571,0.43809523809523804,1.0,0.0,0.0,0.0,25,0.0
Diego Gómez,Brighton,0.0,0.0,0.0,122.0,0.0,0.0,0.0,0.0,0.0,0.0,1.0,25,0.0
Diogo Dalot Teixeira,Man Utd,84.0952380952381,1.4333333333333331,0.0,1001985.8095238095,10.047619047619047,14.276190476190477,11.071428571428571,1.0,0.0,0.0,0.0,25,0.0
Diogo Teixeira da Silva,Liverpool,31.1,0.2425,0.0,796742.85,8.8,11.91,4.89,0.0,0.0,0.0,1.0,25,0.0
Divin Mubama,Man City,0.0,0.0,0.0,6318.5,0.0,0.0,0.0,0.0,1.0,0.0,0.0,25,0.0
Djed Spence,Spurs,23.80952380952381,0.5323809523809524,0.0,9279.0,3.3333333333333335,5.933333333333333,3.4523809523809526,1.0,0.0,0.0,0.0,25,0.0
Dominic Calvert-Lewin,Everton,73.45,1.101,0.0,313985.45,6.1,7.8,5.470000000000001,0.0,1.0,0.0,0.0,25,0.36
Dominic Sadi,Bournemouth,0.0,0.0,0.0,0.0,0.0,0.0,0.0,0.0,0.0,0.0,1.0,25,0.0
Dominic Solanke-Mitchell,Spurs,76.0952380952381,1.431904761904762,0.0,1228511.3333333333,15.476190476190476,18.866666666666667,8.019047619047619,0.0,1.0,0.0,0.0,25,0.31
Dominik Szoboszlai,Liverpool,60.85,0.611,0.0,198958.45,14.3,12.620000000000001,20.93,0.0,0.0,0.0,1.0,25,0.48
Dwight McNeil,Everton,57.0,0.8835000000000001,0.0,505845.4,14.95,14.37,27.369999999999997,0.0,0.0,0.0,1.0,25,0.0
Eberechi Eze,Crystal Palace,67.38095238095238,0.9700000000000001,0.0,1478507.6666666667,13.904761904761905,15.180952380952382,22.538095238095238,0.0,0.0,0.0,1.0,25,0.24
Eddie Nketiah,Arsenal,0.0,0.0,0.0,31575.5,0.0,0.0,0.0,0.0,1.0,0.0,0.0,25,0.0
Eddie Nketiah,Crystal Palace,31.0,0.4489473684210526,0.0,67844.26315789473,4.2631578947368425,3.547368421052631,6.194736842105264,0.0,1.0,0.0,0.0,25,0.0
Ederson Santana de Moraes,Man City,55.714285714285715,0.8528571428571429,1.380952380952381,778020.0476190476,6.095238095238095,13.161904761904761,0.47619047619047616,0.0,0.0,1.0,0.0,25,0.0
Edson Álvarez Velázquez,West Ham,50.38095238095238,0.9557142857142857,0.0,12285.095238095239,6.571428571428571,8.028571428571428,6.814285714285714,0.0,0.0,0.0,1.0,25,0.0
Elkan Baggott,Ipswich,0.0,0.0,0.0,2211.9523809523807,0.0,0.0,0.0,1.0,0.0,0.0,0.0,25,0.0
Elliot Anderson,Nott'm Forest,61.285714285714285,0.7742857142857144,0.0,21799.904761904763,14.19047619047619,16.885714285714286,19.599999999999998,0.0,0.0,0.0,1.0,25,0.39
Emerson Leite de Souza Junior,Spurs,0.0,0.0,0.0,1264.3809523809523,0.0,0.0,0.0,1.0,0.0,0.0,0.0,25,0.0
Emerson Palmieri dos Santos,West Ham,68.14285714285714,1.350952380952381,0.0,76163.14285714286,6.380952380952381,13.933333333333334,11.738095238095237,1.0,0.0,0.0,0.0,25,0.0
Emil Krafth,Newcastle,11.428571428571429,0.24142857142857144,0.0,13345.904761904761,1.619047619047619,2.104761904761905,0.5190476190476191,1.0,0.0,0.0,0.0,25,0.0
Emile Smith Rowe,Fulham,57.19047619047619,0.7504761904761905,0.0,2292683.714285714,12.380952380952381,12.095238095238095,12.761904761904763,0.0,0.0,0.0,1.0,25,0.0
Emiliano Buendía Stati,Aston Villa,3.380952380952381,0.09523809523809523,0.0,9460.380952380952,1.7142857142857142,0.7809523809523808,1.0666666666666669,0.0,0.0,0.0,1.0,25,0.0
Emiliano Martínez Romero,Aston Villa,87.85714285714286,1.1966666666666665,2.5238095238095237,1334552.9523809524,11.333333333333334,22.00952380952381,0.0,0.0,0.0,1.0,0.0,25,0.0
Emmanuel Agbadou,Wolves,90.0,2.11,0.0,100.0,-3.0,21.8,0.8,1.0,0.0,0.0,0.0,25,0.0
Emmanuel Dennis,Nott'm Forest,0.0,0.0,0.0,28958.47619047619,0.0,0.0,0.0,0.0,1.0,0.0,0.0,25,0.0
Endo Wataru,Liverpool,2.8,0.023,0.0,16246.75,1.3,0.8,0.785,0.0,0.0,0.0,1.0,25,0.0
Enes Ünal,Bournemouth,15.714285714285714,0.3038095238095238,0.0,9097.714285714286,4.619047619047619,4.9523809523809526,2.6714285714285717,0.0,1.0,0.0,0.0,25,0.0
Enso González,Wolves,0.0,0.0,0.0,3885.0476190476193,0.0,0.0,0.0,0.0,0.0,0.0,1.0,25,0.0
Enzo Barrenechea,Aston Villa,0.0,0.0,0.0,2701.0476190476193,0.0,0.0,0.0,0.0,0.0,0.0,1.0,25,0.0
Enzo Fernández,Chelsea,71.76190476190476,1.0033333333333334,0.0,414537.95238095237,17.61904761904762,19.761904761904763,28.695238095238096,0.0,0.0,0.0,1.0,25,0.29
Eric da Silva Moreira,Nott'm Forest,1.3333333333333333,0.014761904761904763,0.0,8033.857142857143,0.42857142857142855,0.24761904761904763,0.014285714285714285,0.0,0.0,0.0,1.0,25,0.0
Erling Haaland,Man City,89.61904761904762,1.4833333333333334,0.0,5702754.0,26.476190476190474,32.02857142857143,10.9,0.0,1.0,0.0,0.0,25,0.33
Ethan Brierley,Brentford,0.0,0.0,0.0,8807.190476190477,0.0,0.0,0.0,0.0,0.0,0.0,1.0,25,0.0
Ethan Nwaneri,Arsenal,10.952380952380953,0.0757142857142857,0.0,37580.42857142857,4.0,4.619047619047619,3.1809523809523808,0.0,0.0,0.0,1.0,25,0.0
Ethan Pinnock,Brentford,68.57142857142857,1.3395238095238096,0.0,77993.71428571429,7.714285714285714,20.885714285714286,4.652380952380953,1.0,0.0,0.0,0.0,25,0.0
Ethan Wheatley,Man Utd,0.0,0.0,0.0,187118.42105263157,0.0,0.0,0.0,0.0,1.0,0.0,0.0,25,0.0
Evan Ferguson,Brighton,10.333333333333334,0.20571428571428574,0.0,28675.809523809523,3.0952380952380953,2.6952380952380954,1.6952380952380952,0.0,1.0,0.0,0.0,25,0.0
Ezra Mayers,West Ham,0.0,0.0,0.0,1015.0,0.0,0.0,0.0,1.0,0.0,0.0,0.0,25,0.0
Ezri Konsa Ngoyo,Aston Villa,77.66666666666667,1.071904761904762,0.0,1066421.2857142857,10.095238095238095,14.2,3.761904761904762,1.0,0.0,0.0,0.0,25,0.0
Fabian Schär,Newcastle,69.85714285714286,0.8347619047619048,0.0,159946.7619047619,10.952380952380953,16.847619047619048,2.5619047619047617,1.0,0.0,0.0,0.0,25,0.01
Facundo Buonanotte,Leicester,52.714285714285715,1.0885714285714285,0.0,110021.52380952382,11.523809523809524,16.333333333333332,16.676190476190477,0.0,0.0,0.0,1.0,25,0.0
Facundo Pellistri Rebollo,Man Utd,0.0,0.0,0.0,1004.2857142857143,0.0,0.0,0.0,0.0,0.0,0.0,1.0,25,0.0
Federico Chiesa,Liverpool,1.0,0.030555555555555558,0.0,19024.833333333332,-0.05555555555555555,0.011111111111111112,0.05,0.0,0.0,0.0,1.0,25,0.0
Felipe Rodrigues da Silva,Nott'm Forest,21.833333333333332,0.23444444444444443,0.0,3584.0,5.611111111111111,6.088888888888889,0.19444444444444445,1.0,0.0,0.0,0.0,25,0.0
Ferdi Kadioglu,Brighton,20.263157894736842,0.49684210526315786,0.0,23667.105263157893,3.1052631578947367,6.126315789473685,4.405263157894737,1.0,0.0,0.0,0.0,25,0.0
Filip Jørgensen,Chelsea,8.571428571428571,0.14952380952380953,0.3333333333333333,23537.428571428572,0.6190476190476191,2.7047619047619045,0.0,0.0,0.0,1.0,0.0,25,0.0
Filip Marschall,Aston Villa,0.0,0.0,0.0,111.0952380952381,0.0,0.0,0.0,0.0,0.0,1.0,0.0,25,0.0
Flynn Downes,Southampton,66.0,1.581904761904762,0.0,5546.523809523809,9.857142857142858,9.342857142857143,10.728571428571428,0.0,0.0,0.0,1.0,25,0.11
Francisco Evanilson de Lima Barbosa,Bournemouth,68.4,0.8424999999999999,0.0,205085.4,14.55,12.18,10.105,0.0,1.0,0.0,0.0,25,0.51
Francisco Jorge Tomás Oliveira,Wolves,0.2857142857142857,0.0,0.0,12700.57142857143,0.19047619047619047,0.14285714285714285,0.680952380952381,0.0,0.0,0.0,1.0,25,0.0
Franco Umeh-Chibueze,Crystal Palace,0.0,0.0,0.0,2410.2631578947367,0.0,0.0,0.0,0.0,0.0,0.0,1.0,25,0.0
Frank Onyeka,Brentford,1.0952380952380953,0.03285714285714286,0.0,2034.047619047619,0.14285714285714285,0.0,0.023809523809523808,0.0,0.0,0.0,1.0,25,0.0
Fraser Forster,Spurs,30.0,0.7047619047619048,1.380952380952381,41326.57142857143,3.0476190476190474,10.523809523809524,0.0,0.0,0.0,1.0,0.0,25,0.0
Freddie Ladapo,Ipswich,0.0,0.0,0.0,97249.95238095238,0.0,0.0,0.0,0.0,1.0,0.0,0.0,25,0.0
Fábio Ferreira Vieira,Arsenal,0.0,0.0,0.0,1433.5238095238096,0.0,0.0,0.0,0.0,0.0,0.0,1.0,25,0.0
Fábio Freitas Gouveia Carvalho,Brentford,19.904761904761905,0.5304761904761905,0.0,100631.0,4.523809523809524,5.066666666666667,2.880952380952381,0.0,0.0,0.0,1.0,25,0.0
Fábio Silva,Wolves,0.0,0.0,0.0,15044.809523809523,0.0,0.0,0.0,0.0,1.0,0.0,0.0,25,0.0
Gabriel Fernando de Jesus,Arsenal,28.571428571428573,0.27714285714285714,0.0,239441.57142857142,7.238095238095238,7.352380952380951,5.690476190476191,0.0,1.0,0.0,0.0,25,0.0
Gabriel Martinelli Silva,Arsenal,56.904761904761905,0.5828571428571429,0.0,356690.5238095238,11.428571428571429,15.571428571428571,15.076190476190478,0.0,0.0,0.0,1.0,25,0.0
Gabriel dos Santos Magalhães,Arsenal,77.52380952380952,0.8061904761904761,0.0,2404339.285714286,14.523809523809524,20.685714285714283,6.376190476190477,1.0,0.0,0.0,0.0,25,0.03
Garang Kuol,Newcastle,0.0,0.0,0.0,5032.285714285715,0.0,0.0,0.0,0.0,0.0,0.0,1.0,25,0.0
Gavin Bazunu,Southampton,0.0,0.0,0.0,14125.57142857143,0.0,0.0,0.0,0.0,0.0,1.0,0.0,25,0.0
George Earthy,West Ham,0.0,0.0,0.0,4194.142857142857,0.0,0.0,0.0,0.0,0.0,0.0,1.0,25,0.0
George Edmundson,Ipswich,0.047619047619047616,0.0,0.0,10023.761904761905,0.14285714285714285,0.0,0.0,1.0,0.0,0.0,0.0,25,0.0
George Hirst,Ipswich,8.571428571428571,0.30952380952380953,0.0,3020.714285714286,2.8095238095238093,2.876190476190476,1.7761904761904763,0.0,1.0,0.0,0.0,25,0.0
Georginio Rutter,Brighton,55.3,0.992,0.0,91788.15,9.1,10.76,9.525,0.0,0.0,0.0,1.0,25,0.0
Giovani Lo Celso,Spurs,0.0,0.0,0.0,4370.333333333333,0.0,0.0,0.0,0.0,0.0,0.0,1.0,25,0.0
Godwill Kukonki,Man Utd,0.0,0.0,0.0,480.0,0.0,0.0,0.0,1.0,0.0,0.0,0.0,25,0.0
Gonçalo Manuel Ganchinho Guedes,Wolves,28.19047619047619,0.58,0.0,9982.380952380952,7.714285714285714,9.361904761904762,7.038095238095239,0.0,0.0,0.0,1.0,25,0.0
Guglielmo Vicario,Spurs,51.42857142857143,0.7261904761904762,1.380952380952381,321556.5238095238,8.80952380952381,12.399999999999999,0.0,0.0,0.0,1.0,0.0,25,0.0
Guido Rodríguez,West Ham,46.142857142857146,0.8633333333333333,0.0,7791.571428571428,7.190476190476191,7.571428571428571,2.9333333333333336,0.0,0.0,0.0,1.0,25,0.0
Gustavo Nunes Fernandes Gomes,Brentford,0.0,0.0,0.0,281.4736842105263,0.0,0.0,0.0,0.0,0.0,0.0,1.0,25,0.0
Hamed Traorè,Bournemouth,0.0,0.0,0.0,8855.0,0.0,0.0,0.0,0.0,0.0,0.0,1.0,25,0.0
Hamza Choudhury,Leicester,6.142857142857143,0.25142857142857145,0.0,86829.19047619047,1.380952380952381,1.6095238095238094,1.4476190476190476,0.0,0.0,0.0,1.0,25,0.0
Hannibal Mejbri,Man Utd,0.0,0.0,0.0,5760.333333333333,0.0,0.0,0.0,0.0,0.0,0.0,1.0,25,0.0
Harrison Armstrong,Everton,2.35,0.0225,0.0,20970.25,0.05,0.09,0.545,0.0,0.0,0.0,1.0,25,0.0
Harrison Reed,Fulham,2.5714285714285716,0.14095238095238097,0.0,3609.095238095238,1.0952380952380953,0.43809523809523815,0.8761904761904763,0.0,0.0,0.0,1.0,25,0.0
Harry Amass,Man Utd,0.0,0.0,0.0,2065.6923076923076,0.0,0.0,0.0,1.0,0.0,0.0,0.0,25,0.0
Harry Clarke,Ipswich,17.952380952380953,0.4333333333333333,0.0,5097.285714285715,-0.23809523809523808,2.295238095238095,1.1619047619047618,1.0,0.0,0.0,0.0,25,0.0
Harry Maguire,Man Utd,38.76190476190476,0.5319047619047619,0.0,54943.23809523809,4.0,7.752380952380953,2.480952380952381,1.0,0.0,0.0,0.0,25,0.0
Harry Souttar,Leicester,0.0,0.0,0.0,1198.952380952381,0.0,0.0,0.0,1.0,0.0,0.0,0.0,25,0.0
Harry Toffolo,Nott'm Forest,2.142857142857143,0.035238095238095235,0.0,6424.714285714285,0.38095238095238093,0.8666666666666666,0.15714285714285714,1.0,0.0,0.0,0.0,25,0.0
Harry Wilson,Fulham,32.714285714285715,0.5252380952380952,0.0,34017.09523809524,9.761904761904763,10.114285714285714,8.133333333333335,0.0,0.0,0.0,1.0,25,0.0
Harry Winks,Leicester,57.76190476190476,1.1161904761904762,0.0,1157510.0476190476,10.714285714285714,10.352380952380953,12.523809523809524,0.0,0.0,0.0,1.0,25,0.0
Harvey Barnes,Newcastle,36.80952380952381,0.5985714285714285,0.0,230009.2857142857,10.761904761904763,12.180952380952382,8.390476190476189,0.0,0.0,0.0,1.0,25,0.0
Harvey Davies,Liverpool,0.0,0.0,0.0,992.3333333333334,0.0,0.0,0.0,0.0,0.0,1.0,0.0,25,0.0
Harvey Elliott,Liverpool,2.15,0.043,0.0,36719.55,1.1,0.6900000000000001,2.24,0.0,0.0,0.0,1.0,25,0.0
Henry Cartwright,Leicester,0.0,0.0,0.0,154.5,0.0,0.0,0.0,0.0,0.0,0.0,1.0,25,0.0
Hugo Bueno López,Wolves,0.0,0.0,0.0,959.5238095238095,0.0,0.0,0.0,1.0,0.0,0.0,0.0,25,0.0
Hwang Hee-chan,Wolves,25.714285714285715,0.4742857142857143,0.0,40426.619047619046,4.666666666666667,4.39047619047619,2.5666666666666664,0.0,0.0,0.0,1.0,25,0.0
Hwang Ui-jo,Nott'm Forest,0.0,0.0,0.0,172412.7619047619,0.0,0.0,0.0,0.0,1.0,0.0,0.0,25,0.0
Hákon Valdimarsson,Brentford,2.5714285714285716,0.03,0.09523809523809523,367992.7619047619,0.47619047619047616,0.5904761904761905,0.0,0.0,0.0,1.0,0.0,25,0.0
Ian Maatsen,Aston Villa,14.428571428571429,0.21666666666666665,0.0,198267.2380952381,2.857142857142857,4.066666666666667,6.742857142857143,1.0,0.0,0.0,0.0,25,0.0
Ibrahim Osman,Brighton,0.0,0.0,0.0,506.04761904761904,0.0,0.0,0.0,0.0,0.0,0.0,1.0,25,0.0
Ibrahim Sangaré,Nott'm Forest,10.095238095238095,0.09428571428571428,0.0,131902.7142857143,1.2380952380952381,1.8476190476190475,0.7809523809523808,0.0,0.0,0.0,1.0,25,0.0
Ibrahima Konaté,Liverpool,56.45,0.564,0.0,808773.6,10.85,13.780000000000001,2.565,1.0,0.0,0.0,0.0,25,0.0
Idrissa Gueye,Everton,74.3,1.145,0.0,6164.3,10.7,10.190000000000001,8.02,0.0,0.0,0.0,1.0,25,0.26
Igor Julio dos Santos de Paulo,Brighton,42.857142857142854,0.7266666666666667,0.0,11816.0,4.904761904761905,8.676190476190476,1.9285714285714286,1.0,0.0,0.0,0.0,25,0.0
Igor Thiago Nascimento Rodrigues,Brentford,6.142857142857143,0.12,0.0,2483.190476190476,0.9523809523809523,0.5142857142857143,1.3285714285714285,0.0,1.0,0.0,0.0,25,0.0
Iliman Ndiaye,Everton,80.15,1.0975,0.0,74930.95,13.8,16.04,11.675,0.0,1.0,0.0,0.0,25,0.19
Ilkay Gündogan,Man City,57.9,1.143,0.0,50549.9,10.0,7.7299999999999995,19.855,0.0,0.0,0.0,1.0,25,0.0
Illia Zabarnyi,Bournemouth,90.0,1.2928571428571427,0.0,44192.95238095238,12.19047619047619,18.58095238095238,5.747619047619048,1.0,0.0,0.0,0.0,25,0.0
Imari Samuels,Brighton,0.0,0.0,0.0,3388.3125,0.0,0.0,0.0,1.0,0.0,0.0,0.0,25,0.0
Isaac Hayden,Newcastle,0.0,0.0,0.0,8406.47619047619,0.0,0.0,0.0,0.0,0.0,0.0,1.0,25,0.0
Ismaïla Sarr,Crystal Palace,64.76190476190476,0.9895238095238096,0.0,118633.90476190476,14.428571428571429,16.98095238095238,15.59047619047619,0.0,0.0,0.0,1.0,25,0.31
Ismeal Kabia,Arsenal,0.0,0.0,0.0,1190.611111111111,0.0,0.0,0.0,0.0,0.0,0.0,1.0,25,0.0
Issa Diop,Fulham,50.714285714285715,0.7033333333333334,0.0,25966.333333333332,5.238095238095238,9.704761904761904,1.4238095238095239,1.0,0.0,0.0,0.0,25,0.0
Issa Kaboré,Man City,0.0,0.0,0.0,590.4,0.0,0.0,0.0,1.0,0.0,0.0,0.0,25,0.0
Ivan Toney,Brentford,0.0,0.0,0.0,208916.80952380953,0.0,0.0,0.0,0.0,1.0,0.0,0.0,25,0.0
Jack Clarke,Ipswich,27.842105263157894,0.7321052631578947,0.0,3924.684210526316,5.473684210526316,5.526315789473684,6.226315789473684,0.0,0.0,0.0,1.0,25,0.0
Jack Fletcher,Man Utd,0.0,0.0,0.0,651.4285714285714,0.0,0.0,0.0,0.0,0.0,0.0,1.0,25,0.0
Jack Grealish,Man City,27.238095238095237,0.490952380952381,0.0,24059.190476190477,6.571428571428571,5.457142857142857,13.766666666666666,0.0,0.0,0.0,1.0,25,0.0
Jack Harrison,Everton,49.65,0.8975,0.0,13839.35,5.3,5.5,10.25,0.0,0.0,0.0,1.0,25,0.0
Jack Hinshelwood,Brighton,39.95238095238095,0.8023809523809524,0.0,9091.0,6.142857142857143,5.571428571428571,5.300000000000001,0.0,0.0,0.0,1.0,25,0.0
Jack Stephens,Southampton,37.76190476190476,0.9123809523809524,0.0,66897.95238095238,1.8571428571428572,6.057142857142857,2.4523809523809526,1.0,0.0,0.0,0.0,25,0.0
Jack Taylor,Ipswich,17.80952380952381,0.3676190476190476,0.0,2900.8571428571427,3.7142857142857144,4.438095238095238,3.857142857142857,0.0,0.0,0.0,1.0,25,0.0
Jacob Greaves,Ipswich,51.42857142857143,1.1661904761904762,0.0,385884.85714285716,5.095238095238095,13.085714285714285,0.9428571428571428,1.0,0.0,0.0,0.0,25,0.0
Jacob Murphy,Newcastle,52.19047619047619,0.5466666666666666,0.0,143975.14285714287,12.619047619047619,15.714285714285714,15.385714285714284,0.0,0.0,0.0,1.0,25,0.0
Jacob Ramsey,Aston Villa,37.95238095238095,0.5314285714285715,0.0,30744.85714285714,6.619047619047619,5.304761904761905,6.661904761904762,0.0,0.0,0.0,1.0,25,0.0
Jacob Slater,Brighton,0.0,0.0,0.0,768.8888888888889,0.0,0.0,0.0,1.0,0.0,0.0,0.0,25,0.0
Jacob Wright,Man City,0.0,0.0,0.0,883.5,0.0,0.0,0.0,0.0,0.0,0.0,1.0,25,0.0
Jaden Philogene,Aston Villa,15.476190476190476,0.22523809523809527,0.0,5083.619047619048,0.8571428571428571,0.8285714285714285,0.8904761904761906,0.0,0.0,0.0,1.0,25,0.0
Jadon Sancho,Chelsea,53.22222222222222,0.8183333333333334,0.0,145775.66666666666,13.222222222222221,12.4,16.033333333333335,0.0,0.0,0.0,1.0,25,0.0
Jadon Sancho,Man Utd,0.0,0.0,0.0,28125.0,0.0,0.0,0.0,0.0,0.0,0.0,1.0,25,0.0
Jahmai Simpson-Pusey,Man City,7.916666666666667,0.1975,0.0,2205.1666666666665,0.5833333333333334,1.633333333333333,0.18333333333333335,1.0,0.0,0.0,0.0,25,0.0
Jaidon Anthony,Bournemouth,0.0,0.0,0.0,20277.95238095238,0.0,0.0,0.0,0.0,0.0,0.0,1.0,25,0.0
Jake O'Brien,Everton,2.05,0.040999999999999995,0.0,18987.8,0.2,0.45999999999999996,0.04,1.0,0.0,0.0,0.0,25,0.0
Jakub Kiwior,Arsenal,15.380952380952381,0.2119047619047619,0.0,18288.904761904763,1.8571428571428572,2.342857142857143,0.6523809523809524,1.0,0.0,0.0,0.0,25,0.0
Jakub Moder,Brighton,0.42857142857142855,0.012380952380952381,0.0,80736.33333333333,0.8095238095238095,0.7523809523809524,1.7142857142857142,0.0,0.0,0.0,1.0,25,0.0
Jakub Stolarczyk,Leicester,17.142857142857142,0.3123809523809524,0.5714285714285714,7350.238095238095,1.2857142857142858,5.038095238095238,0.0,0.0,0.0,1.0,0.0,25,0.0
Jamaal Lascelles,Newcastle,0.0,0.0,0.0,477.9047619047619,0.0,0.0,0.0,1.0,0.0,0.0,0.0,25,0.0
Jamal Lewis,Newcastle,0.0,0.0,0.0,25017.380952380954,0.0,0.0,0.0,1.0,0.0,0.0,0.0,25,0.0
Jamaldeen Jimoh,Aston Villa,0.0,0.0,0.0,42.5,0.0,0.0,0.0,0.0,0.0,0.0,1.0,25,0.0
James Bree,Southampton,19.0,0.6495238095238095,0.0,24654.095238095237,1.7619047619047619,3.7809523809523813,4.642857142857143,1.0,0.0,0.0,0.0,25,0.0
James Garner,Everton,12.55,0.2245,0.0,1684.1,1.8,2.7,1.0450000000000002,0.0,0.0,0.0,1.0,25,0.0
James Hill,Bournemouth,8.380952380952381,0.13857142857142857,0.0,43873.80952380953,2.0476190476190474,1.7523809523809526,1.1285714285714286,1.0,0.0,0.0,0.0,25,0.0
James Justin,Leicester,82.0,1.8842857142857143,0.0,234996.33333333334,5.380952380952381,17.923809523809524,6.442857142857143,1.0,0.0,0.0,0.0,25,0.0
James Maddison,Spurs,57.285714285714285,1.0104761904761905,0.0,748129.5238095238,21.095238095238095,25.276190476190475,22.05238095238095,0.0,0.0,0.0,1.0,25,0.17
James McAtee,Man City,1.8571428571428572,0.05047619047619048,0.0,5186.190476190476,0.6666666666666666,0.11428571428571428,0.4,0.0,0.0,0.0,1.0,25,0.0
James McConnell,Liverpool,0.0,0.0,0.0,5296.35,0.0,0.0,0.0,0.0,0.0,0.0,1.0,25,0.0
James Milner,Brighton,8.047619047619047,0.09428571428571428,0.0,5707.238095238095,1.1428571428571428,1.3619047619047617,3.157142857142857,0.0,0.0,0.0,1.0,25,0.0
James Tarkowski,Everton,89.55,1.3625,0.0,159669.5,12.65,24.7,5.8149999999999995,1.0,0.0,0.0,0.0,25,0.0
James Ward-Prowse,Nott'm Forest,20.842105263157894,0.2826315789473684,0.0,70995.1052631579,3.210526315789474,3.2421052631578946,3.689473684210526,0.0,0.0,0.0,1.0,25,0.0
James Ward-Prowse,West Ham,8.0,0.135,0.0,165615.0,1.5,1.7,0.7,0.0,0.0,0.0,1.0,25,0.0
Jamie Vardy,Leicester,73.85714285714286,1.7223809523809526,0.0,891432.2380952381,13.047619047619047,14.609523809523811,8.09047619047619,0.0,1.0,0.0,0.0,25,0.27
Jan Bednarek,Southampton,72.0,1.7619047619047619,0.0,296361.61904761905,7.476190476190476,20.514285714285716,2.4666666666666663,1.0,0.0,0.0,0.0,25,0.0
Jan Paul van Hecke,Brighton,76.66666666666667,1.1057142857142856,0.0,80727.80952380953,11.904761904761905,18.8,7.809523809523809,1.0,0.0,0.0,0.0,25,0.01
Jannik Vestergaard,Leicester,48.57142857142857,0.8819047619047619,0.0,217884.7619047619,3.380952380952381,11.295238095238094,1.1238095238095238,1.0,0.0,0.0,0.0,25,0.0
Jarell Quansah,Liverpool,11.25,0.182,0.0,195744.9,1.1,2.98,0.24,1.0,0.0,0.0,0.0,25,0.0
Jarrad Branthwaite,Everton,49.8,0.655,0.0,105374.05,8.65,9.629999999999999,1.075,1.0,0.0,0.0,0.0,25,0.0
Jarrod Bowen,West Ham,78.85714285714286,1.5742857142857143,0.0,649067.4761904762,16.61904761904762,21.714285714285715,25.076190476190476,0.0,0.0,0.0,1.0,25,0.21
Jason Steele,Brighton,8.571428571428571,0.08952380952380952,0.14285714285714285,146479.04761904763,2.1904761904761907,1.923809523809524,0.0,0.0,0.0,1.0,0.0,25,0.0
Jay Stansfield,Fulham,0.047619047619047616,0.03190476190476191,0.0,5636.761904761905,0.09523809523809523,0.0,0.0,0.0,1.0,0.0,0.0,25,0.0
Jayce Fitzgerald,Man Utd,0.0,0.0,0.0,296.75,0.0,0.0,0.0,0.0,0.0,0.0,1.0,25,0.0
Jayden Danns,Liverpool,0.0,0.0,0.0,1131.3333333333333,0.0,0.0,0.0,0.0,1.0,0.0,0.0,25,0.0
Jayden Meghoma,Brentford,0.2222222222222222,0.007777777777777778,0.0,4157.444444444444,0.16666666666666666,0.011111111111111112,0.016666666666666666,1.0,0.0,0.0,0.0,25,0.0
Jean-Clair Todibo,West Ham,41.095238095238095,0.7733333333333332,0.0,33517.90476190476,5.142857142857143,9.238095238095237,1.2,1.0,0.0,0.0,0.0,25,0.0
Jean-Philippe Mateta,Crystal Palace,75.71428571428571,1.2323809523809524,0.0,371049.4285714286,12.666666666666666,14.304761904761904,11.852380952380953,0.0,1.0,0.0,0.0,25,0.16
Jean-Ricner Bellegarde,Wolves,39.142857142857146,0.7990476190476191,0.0,6962.523809523809,5.476190476190476,6.447619047619048,7.699999999999999,0.0,0.0,0.0,1.0,25,0.0
Jefferson Lerma Solís,Crystal Palace,52.904761904761905,0.7766666666666666,0.0,5511.333333333333,7.523809523809524,8.657142857142858,4.485714285714286,0.0,0.0,0.0,1.0,25,0.0
Jeffrey Schlupp,Crystal Palace,4.476190476190476,0.07285714285714286,0.0,7823.619047619048,1.9047619047619047,1.0380952380952382,1.5523809523809524,0.0,0.0,0.0,1.0,25,0.0
Jens Cajuste,Ipswich,45.2,1.089,0.0,8177.15,6.15,4.42,4.365,0.0,0.0,0.0,1.0,25,0.0
Jenson Metcalfe,Everton,0.0,0.0,0.0,554.75,0.0,0.0,0.0,0.0,0.0,0.0,1.0,25,0.0
Jeremy Sarmiento Morante,Brighton,0.38095238095238093,0.0,0.0,1511.3333333333333,0.14285714285714285,0.009523809523809525,0.0380952380952381,0.0,0.0,0.0,1.0,25,0.0
Jesper Lindstrøm,Everton,33.0,0.40449999999999997,0.0,7697.45,4.7,5.86,9.915000000000001,0.0,0.0,0.0,1.0,25,0.0
Jesurun Rak-Sakyi,Crystal Palace,0.0,0.0,0.0,6555.476190476191,0.0,0.0,0.0,0.0,0.0,0.0,1.0,25,0.0
Jhon Durán,Aston Villa,28.0,0.4319047619047619,0.0,370939.04761904763,10.428571428571429,13.019047619047617,3.1809523809523808,0.0,1.0,0.0,0.0,25,0.0
Joachim Andersen,Crystal Palace,90.0,1.59,0.0,1762243.0,3.0,18.4,2.9,1.0,0.0,0.0,0.0,25,0.0
Joachim Andersen,Fulham,52.65,0.7310000000000001,0.0,784320.5,5.8,11.6,1.625,1.0,0.0,0.0,0.0,25,0.0
Joachim Kayi-Sanda,Southampton,0.0,0.0,0.0,13.0,0.0,0.0,0.0,1.0,0.0,0.0,0.0,25,0.0
Joe Aribo,Southampton,56.80952380952381,1.7057142857142857,0.0,6539.476190476191,11.095238095238095,11.00952380952381,10.376190476190477,0.0,0.0,0.0,1.0,25,0.0
Joe Gauci,Aston Villa,0.0,0.0,0.0,84150.0,0.0,0.0,0.0,0.0,0.0,1.0,0.0,25,0.0
Joe Gomez,Liverpool,25.85,0.269,0.0,95149.7,4.15,6.5200000000000005,1.925,1.0,0.0,0.0,0.0,25,0.0
Joe Hodge,Wolves,0.0,0.0,0.0,29747.619047619046,0.0,0.0,0.0,0.0,0.0,0.0,1.0,25,0.0
Joe Lumley,Southampton,12.857142857142858,0.4476190476190475,0.6190476190476191,41746.23809523809,1.0476190476190477,4.866666666666667,0.0,0.0,0.0,1.0,0.0,25,0.0
Joe White,Newcastle,0.0,0.0,0.0,21544.85714285714,0.0,0.0,0.0,0.0,0.0,0.0,1.0,25,0.0
Joe Willock,Newcastle,26.095238095238095,0.3852380952380952,0.0,18617.190476190477,4.142857142857143,3.8666666666666667,7.242857142857143,0.0,0.0,0.0,1.0,25,0.0
Joe Worrall,Nott'm Forest,0.0,0.0,0.0,3134.8571428571427,0.0,0.0,0.0,1.0,0.0,0.0,0.0,25,0.0
Joel Ward,Crystal Palace,0.0,0.0,0.0,10880.809523809523,0.0,0.0,0.0,1.0,0.0,0.0,0.0,25,0.0
Joelinton Cássio Apolinário de Lira,Newcastle,79.61904761904762,1.0238095238095237,0.0,174766.80952380953,12.0,16.495238095238093,13.961904761904762,0.0,0.0,0.0,1.0,25,0.41
John McGinn,Aston Villa,59.666666666666664,0.8400000000000001,0.0,112942.80952380953,8.857142857142858,6.457142857142857,15.723809523809523,0.0,0.0,0.0,1.0,25,0.32
John Ruddy,Newcastle,0.0,0.0,0.0,33068.333333333336,0.0,0.0,0.0,0.0,0.0,1.0,0.0,25,0.0
John Stones,Man City,15.619047619047619,0.2076190476190476,0.0,176453.90476190476,3.0,5.133333333333333,2.0857142857142854,1.0,0.0,0.0,0.0,25,0.0
Jonathan Panzo,Nott'm Forest,0.0,0.0,0.0,119.80952380952381,0.0,0.0,0.0,1.0,0.0,0.0,0.0,25,0.0
Jonny Evans,Man Utd,13.714285714285714,0.12476190476190477,0.0,11785.761904761905,2.9523809523809526,2.4285714285714284,0.19523809523809527,1.0,0.0,0.0,0.0,25,0.0
Jordan Ayew,Crystal Palace,20.0,0.95,0.0,40324.0,-5.0,0.2,12.8,0.0,0.0,0.0,1.0,25,0.0
Jordan Ayew,Leicester,45.85,0.8425,0.0,24499.4,9.15,9.97,7.49,0.0,0.0,0.0,1.0,25,0.0
Jordan Pickford,Everton,90.0,1.3625,3.15,1147050.95,15.35,28.339999999999996,0.515,0.0,0.0,1.0,0.0,25,0.01
Jorge Cuenca Barreno,Fulham,4.428571428571429,0.1219047619047619,0.0,4721.9047619047615,0.8095238095238095,1.1809523809523808,0.0,1.0,0.0,0.0,0.0,25,0.0
Jorge Luiz Frello Filho,Arsenal,21.714285714285715,0.2033333333333333,0.0,26531.95238095238,3.9047619047619047,1.7047619047619047,3.080952380952381,0.0,0.0,0.0,1.0,25,0.0
Joseph O'Brien-Whitmarsh,Southampton,0.0,0.0,0.0,208.875,0.0,0.0,0.0,0.0,0.0,0.0,1.0,25,0.0
Josh Acheampong,Chelsea,26.666666666666668,0.34833333333333333,0.0,1587.6666666666667,0.8333333333333334,2.1,0.25,1.0,0.0,0.0,0.0,25,0.0
Josh Bowler,Nott'm Forest,0.0,0.0,0.0,3262.4285714285716,0.0,0.0,0.0,0.0,0.0,0.0,1.0,25,0.0
Josh Dasilva,Brentford,0.0,0.0,0.0,520.0,0.0,0.0,0.0,0.0,0.0,0.0,1.0,25,0.0
Josh King,Fulham,3.6666666666666665,0.016666666666666666,0.0,9583.714285714286,1.0476190476190477,1.0095238095238095,1.7619047619047619,0.0,0.0,0.0,1.0,25,0.0
Josh Nichols,Arsenal,0.0,0.0,0.0,3090.875,0.0,0.0,0.0,1.0,0.0,0.0,0.0,25,0.0
Josh Wilson-Esbrand,Man City,0.0,0.0,0.0,1355.2727272727273,0.0,0.0,0.0,1.0,0.0,0.0,0.0,25,0.0
Joshua Zirkzee,Man Utd,34.95238095238095,0.6380952380952382,0.0,243142.04761904763,8.0,8.99047619047619,7.257142857142857,0.0,1.0,0.0,0.0,25,0.0
José Malheiro de Sá,Wolves,60.0,1.05,1.8095238095238095,187563.0,6.0,14.838095238095239,0.47619047619047616,0.0,0.0,1.0,0.0,25,0.01
João Cavaco Cancelo,Man City,0.0,0.0,0.0,31415.666666666668,0.0,0.0,0.0,1.0,0.0,0.0,0.0,25,0.0
João Félix Sequeira,Chelsea,17.8,0.29650000000000004,0.0,60879.7,4.45,4.37,4.71,0.0,0.0,0.0,1.0,25,0.0
João Neves Virgínia,Everton,0.0,0.0,0.0,57058.6,0.0,0.0,0.0,0.0,0.0,1.0,0.0,25,0.0
João Pedro Ferreira Silva,Nott'm Forest,26.61904761904762,0.3795238095238095,0.0,11855.190476190477,5.333333333333333,4.438095238095238,6.738095238095238,0.0,0.0,0.0,1.0,25,0.0
João Pedro Junqueira de Jesus,Brighton,53.095238095238095,0.6804761904761906,0.0,1807007.0952380951,14.857142857142858,16.057142857142857,12.066666666666666,0.0,1.0,0.0,0.0,25,0.0
João Victor Gomes da Silva,Wolves,80.61904761904762,1.4047619047619047,0.0,41300.23809523809,11.904761904761905,14.238095238095237,10.7,0.0,0.0,0.0,1.0,25,0.25
Joël Veltman,Brighton,61.38095238095238,0.8333333333333334,0.0,297556.71428571426,10.714285714285714,9.933333333333334,4.680952380952381,1.0,0.0,0.0,0.0,25,0.01
Joško Gvardiol,Man City,83.42857142857143,1.2776190476190477,0.0,2774318.1428571427,13.714285714285714,22.904761904761905,15.676190476190476,1.0,0.0,0.0,0.0,25,0.0
Juan Larios López,Southampton,0.0,0.0,0.0,7479.714285714285,0.0,0.0,0.0,1.0,0.0,0.0,0.0,25,0.0
Julio Enciso,Brighton,13.571428571428571,0.23095238095238094,0.0,7831.714285714285,2.857142857142857,2.2476190476190476,3.738095238095238,0.0,0.0,0.0,1.0,25,0.0
Julio Soler,Bournemouth,0.0,0.0,0.0,561.0,0.0,0.0,0.0,1.0,0.0,0.0,0.0,25,0.0
Julián Araujo Zúñiga,Bournemouth,16.761904761904763,0.33095238095238094,0.0,18909.95238095238,0.5238095238095238,1.9047619047619047,0.3761904761904762,1.0,0.0,0.0,0.0,25,0.0
Julián Álvarez,Man City,0.0,0.0,0.0,12617.666666666666,0.0,0.0,0.0,0.0,1.0,0.0,0.0,25,0.0
Jurriën Timber,Arsenal,70.71428571428571,0.6152380952380953,0.0,352217.04761904763,11.666666666666666,11.723809523809523,10.095238095238095,1.0,0.0,0.0,0.0,25,0.0
Justin Devenny,Crystal Palace,12.578947368421053,0.2636842105263158,0.0,10081.315789473685,3.526315789473684,3.8736842105263154,3.710526315789474,0.0,0.0,0.0,1.0,25,0.0
Justin Kluivert,Bournemouth,60.04761904761905,0.8047619047619047,0.0,191781.85714285713,12.904761904761905,17.428571428571427,13.98095238095238,0.0,0.0,0.0,1.0,25,0.4
Jérémy Doku,Man City,32.95238095238095,0.35333333333333333,0.0,235372.2857142857,9.904761904761905,10.923809523809524,11.261904761904763,0.0,0.0,0.0,1.0,25,0.0
Jørgen Strand Larsen,Wolves,81.61904761904762,1.4385714285714286,0.0,249521.7142857143,14.619047619047619,16.83809523809524,9.280952380952382,0.0,1.0,0.0,0.0,25,0.3
Kacper Kozłowski,Brighton,0.0,0.0,0.0,76.19047619047619,0.0,0.0,0.0,0.0,0.0,0.0,1.0,25,0.0
Kadan Young,Aston Villa,0.0,0.0,0.0,23604.444444444445,0.0,0.0,0.0,0.0,0.0,0.0,1.0,25,0.0
Kaden Rodney,Crystal Palace,0.0,0.0,0.0,2326.7894736842104,0.0,0.0,0.0,0.0,0.0,0.0,1.0,25,0.0
Kaelan Casey,West Ham,0.05263157894736842,0.004736842105263157,0.0,18570.0,0.15789473684210525,0.10526315789473684,0.0,1.0,0.0,0.0,0.0,25,0.0
Kai Havertz,Arsenal,74.76190476190476,0.7814285714285715,0.0,1415148.2857142857,13.095238095238095,17.723809523809525,10.642857142857142,0.0,1.0,0.0,0.0,25,0.43
Kaine Kesler-Hayden,Aston Villa,0.0,0.0,0.0,1260.7142857142858,0.0,0.0,0.0,1.0,0.0,0.0,0.0,25,0.0
Kalvin Phillips,Ipswich,36.523809523809526,0.7857142857142857,0.0,7072.238095238095,4.9523809523809526,4.761904761904762,3.0999999999999996,0.0,0.0,0.0,1.0,25,0.0
Kamaldeen Sulemana,Southampton,11.714285714285714,0.44333333333333336,0.0,570.1904761904761,1.619047619047619,1.3523809523809522,1.3809523809523812,0.0,0.0,0.0,1.0,25,0.0
Karl Hein,Arsenal,0.0,0.0,0.0,4052.3809523809523,0.0,0.0,0.0,0.0,0.0,1.0,0.0,25,0.0
Kasey McAteer,Leicester,16.857142857142858,0.4523809523809524,0.0,5021.0952380952385,3.0,2.8571428571428568,3.2952380952380946,0.0,0.0,0.0,1.0,25,0.0
Keane Lewis-Potter,Brentford,78.42857142857143,1.4733333333333332,0.0,8843.47619047619,12.333333333333334,14.038095238095238,10.947619047619048,0.0,0.0,0.0,1.0,25,0.31
Kenny Tete,Fulham,60.095238095238095,0.7985714285714286,0.0,37334.76190476191,7.238095238095238,12.323809523809524,5.757142857142857,1.0,0.0,0.0,0.0,25,0.0
Kepa Arrizabalaga,Bournemouth,66.3157894736842,0.8884210526315789,2.6315789473684212,105724.47368421052,10.473684210526315,19.642105263157895,0.531578947368421,0.0,0.0,1.0,0.0,25,0.0
Kepa Arrizabalaga,Chelsea,0.0,0.0,0.0,29201.5,0.0,0.0,0.0,0.0,0.0,1.0,0.0,25,0.0
Kevin De Bruyne,Man City,43.285714285714285,0.6057142857142856,0.0,595636.619047619,12.285714285714286,12.542857142857141,25.861904761904764,0.0,0.0,0.0,1.0,25,0.0
Kevin Mbabu,Fulham,0.0,0.0,0.0,25833.619047619046,0.0,0.0,0.0,1.0,0.0,0.0,0.0,25,0.0
Kevin Schade,Brentford,45.523809523809526,0.6866666666666666,0.0,36697.71428571428,10.904761904761905,13.714285714285714,4.9,0.0,0.0,0.0,1.0,25,0.0
Ki-Jana Hoever,Wolves,0.0,0.0,0.0,18826.095238095237,0.0,0.0,0.0,1.0,0.0,0.0,0.0,25,0.0
Kieran Tierney,Arsenal,0.6190476190476191,0.01,0.0,3165.0476190476193,0.3333333333333333,0.10476190476190476,0.5,1.0,0.0,0.0,0.0,25,0.0
Kieran Trippier,Newcastle,22.952380952380953,0.2819047619047619,0.0,518032.8095238095,4.857142857142857,3.7809523809523813,4.652380952380953,1.0,0.0,0.0,0.0,25,0.0
Kiernan Dewsbury-Hall,Chelsea,2.6666666666666665,0.05380952380952381,0.0,14716.619047619048,0.7142857142857143,0.44761904761904764,0.7285714285714286,0.0,0.0,0.0,1.0,25,0.0
Killian Cahill,Brighton,0.0,0.0,0.0,98973.69230769231,0.0,0.0,0.0,0.0,0.0,1.0,0.0,25,0.0
Kim Ji-soo,Brentford,1.2857142857142858,0.015238095238095238,0.0,34888.23809523809,0.23809523809523808,0.2285714285714286,0.03809523809523809,1.0,0.0,0.0,0.0,25,0.0
Kobbie Mainoo,Man Utd,54.333333333333336,0.7509523809523809,0.0,312789.3333333333,8.142857142857142,6.904761904761905,9.166666666666666,0.0,0.0,0.0,1.0,25,0.0
Konstantinos Mavropanos,West Ham,62.142857142857146,1.2857142857142858,0.0,17065.714285714286,7.666666666666667,15.257142857142856,2.3333333333333335,1.0,0.0,0.0,0.0,25,0.0
Konstantinos Tsimikas,Liverpool,13.65,0.11200000000000002,0.0,24232.9,4.6,4.87,3.9449999999999994,1.0,0.0,0.0,0.0,25,0.0
Kortney Hause,Aston Villa,0.0,0.0,0.0,61759.142857142855,0.0,0.0,0.0,1.0,0.0,0.0,0.0,25,0.0
Kosta Nedeljković,Aston Villa,5.428571428571429,0.10047619047619047,0.0,118184.42857142857,0.5714285714285714,1.0571428571428572,0.3190476190476191,1.0,0.0,0.0,0.0,25,0.0
Kristoffer Ajer,Brentford,34.142857142857146,0.6152380952380953,0.0,30306.619047619046,1.2380952380952381,4.180952380952381,2.6666666666666665,1.0,0.0,0.0,0.0,25,0.0
Kurt Zouma,West Ham,0.0,0.0,0.0,23910.52380952381,0.0,0.0,0.0,1.0,0.0,0.0,0.0,25,0.0
Kyle Walker,Man City,46.0,0.9171428571428573,0.0,468291.1904761905,3.0,7.495238095238095,7.033333333333333,1.0,0.0,0.0,0.0,25,0.0
Kyle Walker-Peters,Southampton,80.47619047619048,2.256666666666667,0.0,39912.04761904762,7.904761904761905,15.533333333333333,11.847619047619048,1.0,0.0,0.0,0.0,25,0.0
Lamare Bogarde,Aston Villa,10.142857142857142,0.10142857142857142,0.0,31636.380952380954,0.2857142857142857,1.5142857142857142,0.8476190476190476,1.0,0.0,0.0,0.0,25,0.0
Leander Dendoncker,Aston Villa,0.0,0.0,0.0,40030.380952380954,0.0,0.0,0.0,0.0,0.0,0.0,1.0,25,0.0
Leandro Trossard,Arsenal,56.57142857142857,0.47095238095238096,0.0,209797.90476190476,12.428571428571429,14.01904761904762,13.538095238095238,0.0,0.0,0.0,1.0,25,0.0
Leif Davis,Ipswich,90.0,2.050952380952381,0.0,226509.0,9.142857142857142,16.942857142857143,28.071428571428573,1.0,0.0,0.0,0.0,25,0.0
Leny Yoro,Man Utd,15.619047619047619,0.2795238095238095,0.0,15297.0,0.7619047619047619,2.9142857142857146,0.21904761904761902,1.0,0.0,0.0,0.0,25,0.0
Leon Bailey,Aston Villa,43.523809523809526,0.4876190476190476,0.0,139135.7142857143,6.904761904761905,5.980952380952381,9.3,0.0,0.0,0.0,1.0,25,0.0
Leon Chiwome,Wolves,0.0,0.0,0.0,200691.42857142858,0.0,0.0,0.0,0.0,1.0,0.0,0.0,25,0.0
Lesley Ugochukwu,Chelsea,0.0,0.0,0.0,28052.0,0.0,0.0,0.0,0.0,0.0,0.0,1.0,25,0.0
Lesley Ugochukwu,Southampton,26.9,0.778,0.0,34887.35,2.75,4.39,3.4,0.0,0.0,0.0,1.0,25,0.0
Levi Colwill,Chelsea,85.71428571428571,1.3195238095238095,0.0,359427.04761904763,11.095238095238095,18.495238095238093,6.276190476190477,1.0,0.0,0.0,0.0,25,0.0
Lewis Cook,Bournemouth,79.57142857142857,1.1857142857142857,0.0,20159.333333333332,14.904761904761905,18.076190476190476,24.376190476190477,0.0,0.0,0.0,1.0,25,0.32
Lewis Dobbin,Aston Villa,0.0,0.0,0.0,243.61904761904762,0.0,0.0,0.0,0.0,0.0,0.0,1.0,25,0.0
Lewis Dunk,Brighton,61.42857142857143,1.0352380952380953,0.0,529217.4285714285,8.714285714285714,13.114285714285714,4.390476190476191,1.0,0.0,0.0,0.0,25,0.0
Lewis Hall,Newcastle,79.85714285714286,0.9509523809523809,0.0,743055.619047619,17.952380952380953,19.65714285714286,21.366666666666667,1.0,0.0,0.0,0.0,25,0.18
Lewis Miley,Newcastle,0.8571428571428571,0.03761904761904762,0.0,649.952380952381,0.6190476190476191,0.3428571428571428,0.13333333333333333,0.0,0.0,0.0,1.0,25,0.0
Lewis O'Brien,Nott'm Forest,0.0,0.0,0.0,101.47619047619048,0.0,0.0,0.0,0.0,0.0,0.0,1.0,25,0.0
Lewis Orford,West Ham,0.0,0.0,0.0,314.1666666666667,0.0,0.0,0.0,0.0,0.0,0.0,1.0,25,0.0
Liam Delap,Ipswich,72.61904761904762,1.4714285714285713,0.0,361207.1904761905,13.761904761904763,16.476190476190474,10.152380952380952,0.0,1.0,0.0,0.0,25,0.4
Lino da Cruz Sousa,Aston Villa,0.0,0.0,0.0,9363.047619047618,0.0,0.0,0.0,1.0,0.0,0.0,0.0,25,0.0
Lisandro Martínez,Man Utd,75.23809523809524,1.3076190476190477,0.0,453876.61904761905,11.380952380952381,17.46666666666667,7.057142857142857,1.0,0.0,0.0,0.0,25,0.01
Lloyd Kelly,Newcastle,14.095238095238095,0.2723809523809524,0.0,13860.57142857143,1.8095238095238095,3.838095238095238,1.3380952380952382,1.0,0.0,0.0,0.0,25,0.0
Luca Williams-Barnett,Spurs,0.0,0.0,0.0,410.6666666666667,0.0,0.0,0.0,0.0,0.0,0.0,1.0,25,0.0
Lucas Bergström,Chelsea,0.0,0.0,0.0,27066.238095238095,0.0,0.0,0.0,0.0,0.0,1.0,0.0,25,0.0
Lucas Bergvall,Spurs,17.714285714285715,0.40761904761904766,0.0,90944.52380952382,4.285714285714286,4.914285714285715,4.138095238095238,0.0,0.0,0.0,1.0,25,0.0
Lucas Digne,Aston Villa,75.71428571428571,1.0233333333333334,0.0,819363.7619047619,11.904761904761905,15.657142857142858,20.433333333333334,1.0,0.0,0.0,0.0,25,0.01
Lucas Tolentino Coelho de Lima,West Ham,69.57142857142857,1.4904761904761905,0.0,159075.2380952381,12.523809523809524,14.80952380952381,17.885714285714283,0.0,0.0,0.0,1.0,25,0.33
Luis Díaz,Liverpool,59.3,0.538,0.0,2311965.2,15.9,19.97,17.035,0.0,0.0,0.0,1.0,25,0.0
Luis Guilherme Lira dos Santos,West Ham,1.8095238095238095,0.023809523809523808,0.0,2802.6190476190477,0.7619047619047619,0.4095238095238095,0.9285714285714286,0.0,0.0,0.0,1.0,25,0.0
Luis Sinisterra,Bournemouth,9.666666666666666,0.1657142857142857,0.0,25614.666666666668,3.5714285714285716,4.685714285714286,4.585714285714285,0.0,0.0,0.0,1.0,25,0.0
Luke Cundle,Wolves,0.0,0.0,0.0,22734.333333333332,0.0,0.0,0.0,0.0,0.0,0.0,1.0,25,0.0
Luke Harris,Fulham,0.0,0.0,0.0,603.1904761904761,0.0,0.0,0.0,0.0,0.0,0.0,1.0,25,0.0
Luke Shaw,Man Utd,3.238095238095238,0.023809523809523808,0.0,25307.095238095237,0.9047619047619048,0.7904761904761906,0.12380952380952381,1.0,0.0,0.0,0.0,25,0.0
Luke Thomas,Leicester,8.523809523809524,0.18857142857142856,0.0,123883.28571428571,0.5714285714285714,1.3333333333333333,0.7142857142857143,1.0,0.0,0.0,0.0,25,0.0
Luke Woolfenden,Ipswich,35.095238095238095,0.79,0.0,169923.66666666666,3.0,7.019047619047619,0.20952380952380953,1.0,0.0,0.0,0.0,25,0.0
Mads Hermansen,Leicester,66.42857142857143,1.516190476190476,3.0952380952380953,73718.95238095238,7.761904761904762,24.495238095238093,0.009523809523809525,0.0,0.0,1.0,0.0,25,0.0
Mads Roerslev Rasmussen,Brentford,43.80952380952381,0.8099999999999999,0.0,9506.047619047618,5.571428571428571,9.038095238095238,7.580952380952381,1.0,0.0,0.0,0.0,25,0.0
Maeson King,Spurs,0.0,0.0,0.0,716.6666666666666,0.0,0.0,0.0,1.0,0.0,0.0,0.0,25,0.0
Mahmoud Dahoud,Brighton,0.0,0.0,0.0,1555.904761904762,0.0,0.0,0.0,0.0,0.0,0.0,1.0,25,0.0
Malachi Hardy,Spurs,0.0,0.0,0.0,1516.6,0.0,0.0,0.0,1.0,0.0,0.0,0.0,25,0.0
Malang Sarr,Chelsea,0.0,0.0,0.0,327.3809523809524,0.0,0.0,0.0,1.0,0.0,0.0,0.0,25,0.0
Malcolm Ebiowei,Crystal Palace,0.0,0.0,0.0,329.3809523809524,0.0,0.0,0.0,0.0,0.0,0.0,1.0,25,0.0
Maldini Kacurri,Arsenal,0.0,0.0,0.0,5694.111111111111,0.0,0.0,0.0,1.0,0.0,0.0,0.0,25,0.0
Malo Gusto,Chelsea,58.95238095238095,0.9152380952380952,0.0,209474.7142857143,6.857142857142857,10.380952380952381,11.00952380952381,1.0,0.0,0.0,0.0,25,0.0
Manor Solomon,Spurs,0.0,0.0,0.0,3126.904761904762,0.0,0.0,0.0,0.0,0.0,0.0,1.0,25,0.0
Manuel Akanji,Man City,69.33333333333333,1.1147619047619048,0.0,431443.14285714284,9.619047619047619,12.80952380952381,10.523809523809524,1.0,0.0,0.0,0.0,25,0.0
Manuel Ugarte,Man Utd,47.166666666666664,0.7844444444444444,0.0,9848.444444444445,7.166666666666667,8.2,6.044444444444444,0.0,0.0,0.0,1.0,25,0.0
Marc Cucurella Saseta,Chelsea,73.0952380952381,1.0766666666666667,0.0,615143.7619047619,10.095238095238095,11.933333333333334,8.27142857142857,1.0,0.0,0.0,0.0,25,0.0
Marc Guiu Paz,Chelsea,1.5714285714285714,0.02523809523809524,0.0,65475.0,0.23809523809523808,0.0,0.014285714285714285,0.0,1.0,0.0,0.0,25,0.0
Marc Guéhi,Crystal Palace,85.71428571428571,1.4066666666666667,0.0,699812.4761904762,13.095238095238095,26.257142857142856,5.171428571428571,1.0,0.0,0.0,0.0,25,0.0
Marcos Senesi,Bournemouth,43.666666666666664,0.5733333333333334,0.0,63013.90476190476,3.9047619047619047,10.523809523809524,3.7476190476190476,1.0,0.0,0.0,0.0,25,0.0
Marcus Bettinelli,Chelsea,0.0,0.0,0.0,40997.28571428572,0.0,0.0,0.0,0.0,0.0,1.0,0.0,25,0.0
Marcus Myers-Harness,Ipswich,2.0476190476190474,0.06476190476190476,0.0,1246.3333333333333,0.19047619047619047,0.44761904761904764,0.09047619047619049,0.0,0.0,0.0,1.0,25,0.0
Marcus Rashford,Man Utd,46.42857142857143,0.7042857142857143,0.0,363782.2380952381,8.857142857142858,11.37142857142857,12.12857142857143,0.0,0.0,0.0,1.0,25,0.0
Marcus Tavernier,Bournemouth,54.19047619047619,0.6676190476190476,0.0,32454.904761904763,8.904761904761905,12.533333333333333,20.64761904761905,0.0,0.0,0.0,1.0,25,0.0
Mario Lemina,Wolves,64.9047619047619,1.2980952380952382,0.0,35982.47619047619,12.0,16.99047619047619,7.938095238095237,0.0,0.0,0.0,1.0,25,0.23
Mark Flekken,Brentford,87.38095238095238,1.6252380952380954,4.523809523809524,1204284.857142857,14.523809523809524,37.38095238095238,0.4809523809523809,0.0,0.0,1.0,0.0,25,0.02
Mark O’Mahony,Brighton,0.0,0.0,0.0,36984.90476190476,0.0,0.0,0.0,0.0,1.0,0.0,0.0,25,0.0
Mark Travers,Bournemouth,21.428571428571427,0.3504761904761905,0.9523809523809523,16246.0,3.619047619047619,6.9714285714285715,0.0,0.0,0.0,1.0,0.0,25,0.0
Martial Godo,Fulham,0.6666666666666666,0.002380952380952381,0.0,3552.714285714286,0.047619047619047616,0.047619047619047616,0.023809523809523808,0.0,0.0,0.0,1.0,25,0.0
Martin Dúbravka,Newcastle,25.714285714285715,0.22428571428571428,0.6666666666666666,87867.28571428571,6.666666666666667,5.104761904761905,0.0,0.0,0.0,1.0,0.0,25,0.0
Martin Sherif,Everton,0.0,0.0,0.0,0.0,0.0,0.0,0.0,0.0,1.0,0.0,0.0,25,0.0
Martin Ødegaard,Arsenal,52.76190476190476,0.4161904761904762,0.0,662971.1428571428,11.047619047619047,11.323809523809523,22.304761904761904,0.0,0.0,0.0,1.0,25,0.0
Mason Holgate,Everton,0.25,0.0035000000000000005,0.0,29406.55,-0.05,0.0,0.0,1.0,0.0,0.0,0.0,25,0.0
Mason Mount,Man Utd,11.571428571428571,0.19428571428571428,0.0,13421.809523809523,0.7619047619047619,0.9904761904761905,2.6285714285714286,0.0,0.0,0.0,1.0,25,0.0
Massimo Luongo,Ipswich,6.809523809523809,0.2419047619047619,0.0,39498.52380952381,1.2380952380952381,1.1904761904761905,0.20476190476190476,0.0,0.0,0.0,1.0,25,0.0
Matai Akinmboni,Bournemouth,0.0,0.0,0.0,208.0,0.0,0.0,0.0,1.0,0.0,0.0,0.0,25,0.0
Mateo Kovačić,Man City,61.523809523809526,0.9838095238095238,0.0,212132.52380952382,13.952380952380953,14.838095238095237,16.866666666666667,0.0,0.0,0.0,1.0,25,0.38
Mateus Gonçalo Espanha Fernandes,Southampton,73.5,1.8575,0.0,2694.7,11.65,12.52,16.32,0.0,0.0,0.0,1.0,25,0.19
Mateusz Lis,Southampton,0.0,0.0,0.0,13733.904761904761,0.0,0.0,0.0,0.0,0.0,1.0,0.0,25,0.0
Matheus França de Oliveira,Crystal Palace,0.0,0.0,0.0,46524.04761904762,0.0,0.0,0.0,0.0,0.0,0.0,1.0,25,0.0
Matheus Luiz Nunes,Man City,29.38095238095238,0.6195238095238096,0.0,17453.190476190477,7.0476190476190474,7.752380952380953,12.247619047619047,0.0,0.0,0.0,1.0,25,0.0
Matheus Santos Carneiro Da Cunha,Wolves,76.42857142857143,1.3833333333333333,0.0,1235148.6666666667,25.38095238095238,29.17142857142857,24.842857142857145,0.0,1.0,0.0,0.0,25,0.43
Mathias Jensen,Brentford,29.952380952380953,0.5171428571428571,0.0,8819.190476190477,5.523809523809524,4.20952380952381,8.957142857142857,0.0,0.0,0.0,1.0,25,0.0
Mathias Jorgensen,Brentford,0.0,0.0,0.0,1789.047619047619,0.0,0.0,0.0,1.0,0.0,0.0,0.0,25,0.0
Mats Wieffer,Brighton,22.095238095238095,0.46190476190476193,0.0,8092.238095238095,4.9523809523809526,6.857142857142857,3.8238095238095235,0.0,0.0,0.0,1.0,25,0.0
Matt Doherty,Wolves,42.42857142857143,0.6676190476190476,0.0,19842.0,5.238095238095238,10.047619047619047,5.295238095238095,1.0,0.0,0.0,0.0,25,0.0
Matt O'Riley,Brighton,21.63157894736842,0.2831578947368421,0.0,4440.210526315789,5.315789473684211,5.2631578947368425,7.536842105263157,0.0,0.0,0.0,1.0,25,0.0
Matt Targett,Newcastle,0.5714285714285714,0.009047619047619047,0.0,41477.04761904762,0.14285714285714285,0.11428571428571428,0.047619047619047616,1.0,0.0,0.0,0.0,25,0.0
Matt Turner,Crystal Palace,0.0,0.0,0.0,1325941.894736842,0.0,0.0,0.0,0.0,0.0,1.0,0.0,25,0.0
Matt Turner,Nott'm Forest,0.0,0.0,0.0,1778591.5,0.0,0.0,0.0,0.0,0.0,1.0,0.0,25,0.0
Matthijs de Ligt,Man Utd,66.19047619047619,1.247142857142857,0.0,462837.61904761905,9.428571428571429,14.038095238095238,1.723809523809524,1.0,0.0,0.0,0.0,25,0.0
Matty Cash,Aston Villa,51.333333333333336,0.7138095238095238,0.0,154671.09523809524,5.333333333333333,9.342857142857142,3.9857142857142858,1.0,0.0,0.0,0.0,25,0.0
Matz Sels,Nott'm Forest,90.0,1.1223809523809525,3.0,650151.2857142857,15.80952380952381,24.428571428571427,0.004761904761904762,0.0,0.0,1.0,0.0,25,0.02
Max Aarons,Bournemouth,4.0,0.013333333333333334,0.0,19891.333333333332,1.4761904761904763,0.6285714285714287,0.1523809523809524,1.0,0.0,0.0,0.0,25,0.0
Max Alleyne,Man City,0.0,0.0,0.0,225.25,0.0,0.0,0.0,1.0,0.0,0.0,0.0,25,0.0
Max Kilman,West Ham,86.57142857142857,1.7809523809523808,0.0,209304.33333333334,8.80952380952381,21.742857142857144,5.8238095238095235,1.0,0.0,0.0,0.0,25,0.0
Max Kinsey,Bournemouth,0.0,0.0,0.0,1432.3,0.0,0.0,0.0,1.0,0.0,0.0,0.0,25,0.0
Maxence Lacroix,Crystal Palace,90.0,1.4016666666666666,0.0,20595.833333333332,13.5,20.455555555555556,2.4000000000000004,1.0,0.0,0.0,0.0,25,0.0
Maxwel Cornet,Southampton,3.736842105263158,0.09421052631578948,0.0,2831.7894736842104,0.631578947368421,0.6105263157894738,0.18421052631578946,0.0,0.0,0.0,1.0,25,0.0
Maxwel Cornet,West Ham,0.0,0.0,0.0,2990.5,0.0,0.0,0.0,0.0,0.0,0.0,1.0,25,0.0
Michael Golding,Leicester,0.0,0.0,0.0,20256.809523809523,0.0,0.0,0.0,0.0,0.0,0.0,1.0,25,0.0
Michael Keane,Everton,40.5,0.708,0.0,704107.0,4.45,11.08,1.145,1.0,0.0,0.0,0.0,25,0.0
Michail Antonio,West Ham,39.714285714285715,0.8490476190476189,0.0,183524.09523809524,5.285714285714286,3.4285714285714284,6.642857142857143,0.0,1.0,0.0,0.0,25,0.0
Micky van de Ven,Spurs,37.523809523809526,0.46619047619047616,0.0,638220.9523809524,6.095238095238095,7.666666666666667,1.7428571428571429,1.0,0.0,0.0,0.0,25,0.0
Miguel Almirón Rejala,Newcastle,7.0476190476190474,0.17285714285714285,0.0,48950.857142857145,1.380952380952381,0.43809523809523804,1.4428571428571428,0.0,0.0,0.0,1.0,25,0.0
Mikel Merino,Arsenal,34.89473684210526,0.32,0.0,5982.894736842105,7.578947368421052,9.957894736842107,6.173684210526315,0.0,0.0,0.0,1.0,25,0.0
Mikey Moore,Spurs,3.9047619047619047,0.04476190476190476,0.0,27030.47619047619,0.5714285714285714,0.0857142857142857,0.11904761904761904,0.0,0.0,0.0,1.0,25,0.0
Mikkel Damsgaard,Brentford,72.95238095238095,1.322857142857143,0.0,75606.04761904762,17.61904761904762,21.361904761904764,24.03333333333333,0.0,0.0,0.0,1.0,25,0.19
Milos Kerkez,Bournemouth,86.52380952380952,1.2776190476190474,0.0,286648.7619047619,14.619047619047619,18.295238095238094,17.123809523809523,1.0,0.0,0.0,0.0,25,0.02
Min-Hyeok Yang,Spurs,0.0,0.0,0.0,138.0,0.0,0.0,0.0,0.0,0.0,0.0,1.0,25,0.0
Miodrag Pivaš,Newcastle,0.0,0.0,0.0,9046.761904761905,0.0,0.0,0.0,1.0,0.0,0.0,0.0,25,0.0
Mitoma Kaoru,Brighton,79.14285714285714,1.2176190476190476,0.0,741170.0476190476,15.380952380952381,17.095238095238095,20.76666666666667,0.0,0.0,0.0,1.0,25,0.34
Mohamed Salah,Liverpool,88.15,0.8880000000000001,0.0,5459450.8,34.65,48.56,28.51,0.0,0.0,0.0,1.0,25,0.47
Mohammed Kudus,West Ham,61.57142857142857,1.187142857142857,0.0,396725.3333333333,9.952380952380953,12.857142857142858,14.8,0.0,0.0,0.0,1.0,25,0.22
Moisés Caicedo Corozo,Chelsea,88.33333333333333,1.3523809523809522,0.0,120638.19047619047,17.19047619047619,18.371428571428574,17.038095238095238,0.0,0.0,0.0,1.0,25,0.33
Morgan Gibbs-White,Nott'm Forest,63.80952380952381,0.7747619047619048,0.0,237766.85714285713,13.047619047619047,16.838095238095235,19.361904761904764,0.0,0.0,0.0,1.0,25,0.33
Morgan Rogers,Aston Villa,78.52380952380952,1.0342857142857143,0.0,2066503.7142857143,14.80952380952381,19.561904761904763,18.48095238095238,0.0,0.0,0.0,1.0,25,0.39
Moussa Diaby,Aston Villa,0.0,0.0,0.0,2049.904761904762,0.0,0.0,0.0,0.0,0.0,0.0,1.0,25,0.0
Murillo Santiago Costa dos Santos,Nott'm Forest,84.61904761904762,1.0776190476190475,0.0,210269.42857142858,15.619047619047619,25.20952380952381,6.376190476190477,1.0,0.0,0.0,0.0,25,0.0
Mykhailo Mudryk,Chelsea,6.904761904761905,0.1561904761904762,0.0,25628.238095238095,1.2380952380952381,1.1047619047619048,1.5,0.0,0.0,0.0,1.0,25,0.0
Myles Lewis-Skelly,Arsenal,15.619047619047619,0.1561904761904762,0.0,7091.0,3.142857142857143,2.4285714285714284,2.738095238095238,0.0,0.0,0.0,1.0,25,0.0
Myles Peart-Harris,Brentford,0.0,0.0,0.0,2546.1428571428573,0.0,0.0,0.0,0.0,0.0,0.0,1.0,25,0.0
Naouirou Ahamada,Crystal Palace,0.0,0.0,0.0,16609.714285714286,0.0,0.0,0.0,0.0,0.0,0.0,1.0,25,0.0
Nathan Aké,Man City,28.61904761904762,0.6138095238095238,0.0,121518.71428571429,5.476190476190476,4.352380952380953,0.9952380952380951,1.0,0.0,0.0,0.0,25,0.0
Nathan Broadhead,Ipswich,14.380952380952381,0.2219047619047619,0.0,1028.4285714285713,2.380952380952381,2.104761904761905,2.7095238095238097,0.0,0.0,0.0,1.0,25,0.0
Nathan Butler-Oyedeji,Arsenal,0.0,0.0,0.0,19490.733333333334,0.0,0.0,0.0,0.0,1.0,0.0,0.0,25,0.0
Nathan Collins,Brentford,90.0,1.6552380952380952,0.0,204817.14285714287,13.285714285714286,27.466666666666665,4.090476190476191,1.0,0.0,0.0,0.0,25,0.0
Nathan Fraser,Wolves,0.0,0.0,0.0,255222.2857142857,0.0,0.0,0.0,0.0,1.0,0.0,0.0,25,0.0
Nathan Patterson,Everton,4.25,0.05500000000000001,0.0,1720.35,0.9,1.1400000000000001,1.795,1.0,0.0,0.0,0.0,25,0.0
Nathan Wood-Gordon,Southampton,27.476190476190474,0.7652380952380953,0.0,147653.09523809524,2.1904761904761907,4.457142857142857,0.8999999999999999,1.0,0.0,0.0,0.0,25,0.0
Nathaniel Clyne,Crystal Palace,18.523809523809526,0.43809523809523804,0.0,11455.857142857143,1.7142857142857142,2.4666666666666663,1.7380952380952381,1.0,0.0,0.0,0.0,25,0.0
Nathaniel Phillips,Liverpool,0.0,0.0,0.0,10387.05,0.0,0.0,0.0,1.0,0.0,0.0,0.0,25,0.0
Nayef Aguerd,West Ham,0.0,0.0,0.0,6558.047619047619,0.0,0.0,0.0,1.0,0.0,0.0,0.0,25,0.0
Neal Maupay,Everton,0.0,0.0,0.0,55621.15,0.0,0.0,0.0,0.0,1.0,0.0,0.0,25,0.0
Neco Williams,Nott'm Forest,51.57142857142857,0.6057142857142858,0.0,60656.80952380953,9.952380952380953,11.19047619047619,5.157142857142857,1.0,0.0,0.0,0.0,25,0.0
Nick Pope,Newcastle,64.28571428571429,0.9738095238095238,2.5714285714285716,685646.4761904762,8.952380952380953,18.685714285714283,0.0,0.0,0.0,1.0,0.0,25,0.01
Niclas Füllkrug,West Ham,17.428571428571427,0.35095238095238096,0.0,138172.04761904763,4.190476190476191,4.714285714285714,4.038095238095238,0.0,1.0,0.0,0.0,25,0.0
Nico O'Reilly,Man City,0.0,0.0,0.0,1519.2857142857142,0.0,0.0,0.0,0.0,0.0,0.0,1.0,25,0.0
Nicolas Jackson,Chelsea,73.04761904761905,0.9871428571428572,0.0,1955743.0,17.952380952380953,22.076190476190476,11.985714285714286,0.0,1.0,0.0,0.0,25,0.18
Nicolás Domínguez,Nott'm Forest,45.904761904761905,0.6819047619047619,0.0,3464.904761904762,5.904761904761905,8.523809523809524,4.219047619047619,0.0,0.0,0.0,1.0,25,0.0
Nikola Milenković,Nott'm Forest,85.71428571428571,1.0642857142857143,0.0,204657.19047619047,13.904761904761905,17.714285714285715,2.3190476190476192,1.0,0.0,0.0,0.0,25,0.0
Noni Madueke,Chelsea,56.95238095238095,0.9485714285714286,0.0,775150.7619047619,13.095238095238095,15.676190476190476,13.104761904761904,0.0,0.0,0.0,1.0,25,0.0
Norberto Bercique Gomes Betuncal,Everton,11.35,0.1905,0.0,64573.35,2.85,2.41,0.12,0.0,1.0,0.0,0.0,25,0.0
Norberto Murara Neto,Arsenal,0.0,0.0,0.0,121170.94736842105,0.0,0.0,0.0,0.0,0.0,1.0,0.0,25,0.0
Norberto Murara Neto,Bournemouth,90.0,1.455,5.5,213777.5,15.0,38.9,0.0,0.0,0.0,1.0,0.0,25,0.0
Noussair Mazraoui,Man Utd,76.19047619047619,1.3566666666666667,0.0,1481388.5238095238,11.571428571428571,17.228571428571428,7.957142857142857,1.0,0.0,0.0,0.0,25,0.01
Nélson Cabral Semedo,Wolves,68.04761904761905,1.2461904761904763,0.0,18863.47619047619,6.523809523809524,14.323809523809524,9.32857142857143,1.0,0.0,0.0,0.0,25,0.0
Odeluga Offiah,Brighton,0.0,0.0,0.0,8965.285714285714,0.0,0.0,0.0,1.0,0.0,0.0,0.0,25,0.0
Odsonne Edouard,Crystal Palace,57.5,1.06,0.0,67785.5,1.5,0.4,6.5,0.0,1.0,0.0,0.0,25,0.0
Odsonne Edouard,Leicester,1.368421052631579,0.08421052631578947,0.0,31842.947368421053,0.5789473684210527,0.2210526315789474,0.631578947368421,0.0,1.0,0.0,0.0,25,0.0
Odysseas Vlachodimos,Newcastle,0.0,0.0,0.0,11543.666666666666,0.0,0.0,0.0,0.0,0.0,1.0,0.0,25,0.0
Ola Aina,Nott'm Forest,86.80952380952381,1.0757142857142856,0.0,1169665.238095238,17.142857142857142,17.752380952380953,6.785714285714286,1.0,0.0,0.0,0.0,25,0.37
Oleksandr Zinchenko,Arsenal,11.333333333333334,0.08666666666666667,0.0,141802.52380952382,3.142857142857143,1.0571428571428572,1.2619047619047619,1.0,0.0,0.0,0.0,25,0.0
Oliver Skipp,Leicester,36.4,0.9960000000000001,0.0,4559.6,4.3,4.090000000000001,5.91,0.0,0.0,0.0,1.0,25,0.0
Oliver Skipp,Spurs,0.0,0.0,0.0,3601.0,0.0,0.0,0.0,0.0,0.0,0.0,1.0,25,0.0
Oliwier Zych,Aston Villa,0.0,0.0,0.0,63332.26315789474,0.0,0.0,0.0,0.0,0.0,1.0,0.0,25,0.0
Ollie Scarles,West Ham,3.909090909090909,0.17454545454545453,0.0,1283.6363636363637,0.6363636363636364,0.8727272727272727,0.02727272727272727,1.0,0.0,0.0,0.0,25,0.0
Ollie Watkins,Aston Villa,69.04761904761905,0.9085714285714285,0.0,2518113.285714286,16.38095238095238,20.438095238095237,11.114285714285714,0.0,1.0,0.0,0.0,25,0.28
Omar Richards,Nott'm Forest,0.0,0.0,0.0,2605.285714285714,0.0,0.0,0.0,1.0,0.0,0.0,0.0,25,0.0
Omari Giraud-Hutchinson,Ipswich,77.47619047619048,1.620952380952381,0.0,39617.90476190476,8.857142857142858,10.361904761904762,12.390476190476189,0.0,0.0,0.0,1.0,25,0.09
Omari Kellyman,Chelsea,0.0,0.0,0.0,3238.809523809524,0.0,0.0,0.0,0.0,0.0,0.0,1.0,25,0.0
Orel Mangala,Everton,63.35294117647059,0.8735294117647059,0.0,1443.0,9.0,8.423529411764704,7.023529411764706,0.0,0.0,0.0,1.0,25,0.23
Oscar Bobb,Man City,0.0,0.0,0.0,9130.666666666666,0.0,0.0,0.0,0.0,0.0,0.0,1.0,25,0.0
Pablo Sarabia,Wolves,9.428571428571429,0.15904761904761905,0.0,11333.285714285714,2.619047619047619,3.552380952380952,3.0380952380952384,0.0,0.0,0.0,1.0,25,0.0
Pape Matar Sarr,Spurs,52.38095238095238,1.0080952380952382,0.0,23462.285714285714,10.714285714285714,10.866666666666665,8.033333333333333,0.0,0.0,0.0,1.0,25,0.0
Paris Maghoma,Brentford,6.166666666666667,0.07083333333333333,0.0,448.0833333333333,1.6666666666666667,1.2833333333333334,0.35000000000000003,0.0,0.0,0.0,1.0,25,0.0
Pascal Groß,Brighton,0.0,0.0,0.0,3380.6190476190477,0.0,0.0,0.0,0.0,0.0,0.0,1.0,25,0.0
Patson Daka,Leicester,11.142857142857142,0.25857142857142856,0.0,38936.71428571428,2.4761904761904763,2.6666666666666665,0.5571428571428572,0.0,1.0,0.0,0.0,25,0.0
Pau Torres,Aston Villa,73.76190476190476,1.0723809523809524,0.0,174384.90476190476,7.714285714285714,12.438095238095238,2.642857142857143,1.0,0.0,0.0,0.0,25,0.0
Paul Onuachu,Southampton,15.523809523809524,0.4428571428571429,0.0,17913.285714285714,1.0,1.0761904761904764,1.7380952380952381,0.0,1.0,0.0,0.0,25,0.0
Pedro Cardoso de Lima,Wolves,2.761904761904762,0.03380952380952381,0.0,152427.38095238095,0.047619047619047616,0.8,1.6285714285714288,1.0,0.0,0.0,0.0,25,0.0
Pedro Lomba Neto,Chelsea,47.95238095238095,0.7147619047619047,0.0,93766.04761904762,7.761904761904762,8.523809523809524,14.485714285714286,0.0,0.0,0.0,1.0,25,0.0
Pedro Porro,Spurs,81.71428571428571,1.5047619047619047,0.0,3115264.523809524,14.047619047619047,23.723809523809525,25.366666666666667,1.0,0.0,0.0,0.0,25,0.01
Pervis Estupiñán,Brighton,63.42857142857143,1.0895238095238096,0.0,108765.42857142857,9.142857142857142,13.438095238095238,18.17142857142857,1.0,0.0,0.0,0.0,25,0.0
Phil Foden,Man City,54.23809523809524,1.0657142857142856,0.0,705034.4761904762,14.380952380952381,13.647619047619049,26.40952380952381,0.0,0.0,0.0,1.0,25,0.0
Philip Billing,Bournemouth,8.380952380952381,0.15952380952380954,0.0,5613.380952380952,2.4761904761904763,2.5714285714285716,4.876190476190477,0.0,0.0,0.0,1.0,25,0.0
Pierre-Emile Højbjerg,Spurs,0.0,0.0,0.0,372.95238095238096,0.0,0.0,0.0,0.0,0.0,0.0,1.0,25,0.0
Radu Drăgușin,Spurs,53.095238095238095,1.2090476190476191,0.0,26740.809523809523,4.380952380952381,10.323809523809524,1.5571428571428574,1.0,0.0,0.0,0.0,25,0.0
Raheem Sterling,Arsenal,10.736842105263158,0.09526315789473684,0.0,104300.1052631579,1.4736842105263157,1.8421052631578947,2.2210526315789476,0.0,0.0,0.0,1.0,25,0.0
Raheem Sterling,Chelsea,0.0,0.0,0.0,153568.5,0.0,0.0,0.0,0.0,0.0,0.0,1.0,25,0.0
Ramón Sosa,Nott'm Forest,10.55,0.075,0.0,3685.4,3.65,3.7,4.37,0.0,0.0,0.0,1.0,25,0.0
Rasmus Højlund,Man Utd,48.714285714285715,0.8561904761904762,0.0,122889.47619047618,6.666666666666667,4.819047619047619,7.628571428571428,0.0,1.0,0.0,0.0,25,0.0
Rayan Aït-Nouri,Wolves,82.14285714285714,1.5542857142857143,0.0,800310.8571428572,8.428571428571429,21.142857142857142,13.7,1.0,0.0,0.0,0.0,25,0.0
Raúl Jiménez,Fulham,62.476190476190474,0.8576190476190477,0.0,629507.9523809524,15.476190476190476,17.82857142857143,7.680952380952381,0.0,1.0,0.0,0.0,25,0.52
Reece James,Chelsea,13.047619047619047,0.2857142857142857,0.0,20951.47619047619,2.238095238095238,3.695238095238095,1.880952380952381,1.0,0.0,0.0,0.0,25,0.0
Reiss Nelson,Arsenal,1.0,0.01,0.0,3884.5,1.5,1.0,0.0,0.0,0.0,0.0,1.0,25,0.0
Reiss Nelson,Fulham,25.31578947368421,0.3215789473684211,0.0,8734.368421052632,7.368421052631579,6.821052631578947,11.784210526315789,0.0,0.0,0.0,1.0,25,0.0
Remi Matthews,Crystal Palace,0.0,0.0,0.0,71180.33333333333,0.0,0.0,0.0,0.0,0.0,1.0,0.0,25,0.0
Remy Rees-Dottin,Bournemouth,0.0,0.0,0.0,3907.0,0.0,0.0,0.0,0.0,1.0,0.0,0.0,25,0.0
Renato Palma Veiga,Chelsea,8.380952380952381,0.15095238095238095,0.0,20943.14285714286,1.0476190476190477,1.4476190476190476,0.43809523809523804,0.0,0.0,0.0,1.0,25,0.0
Rhys Williams,Liverpool,0.0,0.0,0.0,8165.65,0.0,0.0,0.0,1.0,0.0,0.0,0.0,25,0.0
Ricardo Barbosa Pereira,Leicester,6.9523809523809526,0.09904761904761905,0.0,12469.809523809523,0.47619047619047616,0.6571428571428571,0.2714285714285714,1.0,0.0,0.0,0.0,25,0.0
Riccardo Calafiori,Arsenal,33.523809523809526,0.37142857142857144,0.0,170859.90476190476,4.9523809523809526,9.333333333333334,3.8142857142857145,1.0,0.0,0.0,0.0,25,0.0
Richarlison de Andrade,Spurs,4.714285714285714,0.04238095238095238,0.0,48750.04761904762,1.2857142857142858,1.3333333333333333,2.0142857142857147,0.0,1.0,0.0,0.0,25,0.0
Rico Henry,Brentford,0.14285714285714285,0.012380952380952381,0.0,3888.6666666666665,0.14285714285714285,0.047619047619047616,0.014285714285714285,1.0,0.0,0.0,0.0,25,0.0
Rico Lewis,Man City,65.80952380952381,1.029047619047619,0.0,1049714.0952380951,9.0,10.62857142857143,8.323809523809524,1.0,0.0,0.0,0.0,25,0.0
Rob Holding,Crystal Palace,0.0,0.0,0.0,8729.952380952382,0.0,0.0,0.0,1.0,0.0,0.0,0.0,25,0.0
Robert Sánchez,Chelsea,81.42857142857143,1.2566666666666666,3.0952380952380953,1128258.3333333333,12.80952380952381,24.504761904761907,0.0,0.0,0.0,1.0,0.0,25,0.01
Robin Olsen,Aston Villa,2.142857142857143,0.03761904761904762,0.09523809523809523,11556.333333333334,0.14285714285714285,0.8380952380952381,0.0,0.0,0.0,1.0,0.0,25,0.0
Rodrigo 'Rodri' Hernandez,Man City,3.0952380952380953,0.0019047619047619048,0.0,134960.19047619047,0.8571428571428571,0.5142857142857143,0.8142857142857144,0.0,0.0,0.0,1.0,25,0.0
Rodrigo Bentancur,Spurs,32.61904761904762,0.46476190476190476,0.0,16316.619047619048,6.619047619047619,7.114285714285715,3.6142857142857148,0.0,0.0,0.0,1.0,25,0.0
Rodrigo Martins Gomes,Wolves,24.952380952380953,0.5657142857142857,0.0,9135.809523809523,5.333333333333333,5.371428571428571,5.557142857142857,0.0,0.0,0.0,1.0,25,0.0
Rodrigo Muniz Carvalho,Fulham,28.285714285714285,0.43809523809523804,0.0,352863.5238095238,8.142857142857142,7.314285714285714,3.5857142857142854,0.0,1.0,0.0,0.0,25,0.0
Romain Faivre,Bournemouth,0.0,0.0,0.0,762.7142857142857,0.0,0.0,0.0,0.0,0.0,0.0,1.0,25,0.0
Roman Dixon,Everton,4.7368421052631575,0.12789473684210528,0.0,7030.789473684211,0.0,0.8105263157894737,0.015789473684210527,1.0,0.0,0.0,0.0,25,0.0
Romelu Lukaku Bolingoli,Chelsea,0.0,0.0,0.0,26584.619047619046,0.0,0.0,0.0,0.0,1.0,0.0,0.0,25,0.0
Roméo Lavia,Chelsea,25.238095238095237,0.521904761904762,0.0,92940.57142857143,3.857142857142857,4.3047619047619055,4.752380952380952,0.0,0.0,0.0,1.0,25,0.0
Ronnie Edwards,Southampton,0.5714285714285714,0.015238095238095238,0.0,29306.190476190477,-0.047619047619047616,0.23809523809523808,0.004761904761904762,1.0,0.0,0.0,0.0,25,0.0
Ross Barkley,Aston Villa,25.904761904761905,0.25523809523809526,0.0,41605.76190476191,7.142857142857143,9.685714285714285,5.5,0.0,0.0,0.0,1.0,25,0.0
Ross Stewart,Southampton,6.190476190476191,0.12190476190476189,0.0,226081.42857142858,0.23809523809523808,0.2761904761904762,0.3190476190476191,0.0,1.0,0.0,0.0,25,0.0
Ruairi McConville,Brighton,0.0,0.0,0.0,846.6,0.0,0.0,0.0,1.0,0.0,0.0,0.0,25,0.0
Ryan Christie,Bournemouth,71.0,0.9990476190476191,0.0,18589.52380952381,12.952380952380953,15.00952380952381,18.323809523809523,0.0,0.0,0.0,1.0,25,0.24
Ryan Fraser,Newcastle,0.0,0.0,0.0,3276.0,0.0,0.0,0.0,0.0,0.0,0.0,1.0,25,0.0
Ryan Fraser,Southampton,15.842105263157896,0.5326315789473683,0.0,3021.4210526315787,1.4736842105263157,1.8842105263157893,1.394736842105263,0.0,0.0,0.0,1.0,25,0.0
Ryan Gravenberch,Liverpool,86.9,0.85,0.0,80329.45,15.85,14.919999999999998,14.385,0.0,0.0,0.0,1.0,25,0.32
Ryan Manning,Southampton,31.80952380952381,0.9533333333333334,0.0,6681.809523809524,2.7142857142857144,6.038095238095238,9.219047619047618,1.0,0.0,0.0,0.0,25,0.0
Ryan Sessegnon,Fulham,0.23809523809523808,0.014285714285714287,0.0,13950.095238095239,0.14285714285714285,0.09523809523809523,0.0,1.0,0.0,0.0,0.0,25,0.0
Ryan Trevitt,Brentford,0.14285714285714285,0.0,0.0,5471.619047619048,0.23809523809523808,0.12380952380952381,0.004761904761904762,0.0,0.0,0.0,1.0,25,0.0
Ryan Yates,Nott'm Forest,66.61904761904762,0.8528571428571429,0.0,23495.809523809523,9.619047619047619,9.552380952380952,8.10952380952381,0.0,0.0,0.0,1.0,25,0.28
Rúben Gato Alves Dias,Man City,51.714285714285715,0.7561904761904762,0.0,358336.04761904763,6.857142857142857,11.019047619047619,5.742857142857143,1.0,0.0,0.0,0.0,25,0.0
Salah-Eddine Oulad M'hand,Arsenal,0.0,0.0,0.0,1277.9473684210527,0.0,0.0,0.0,0.0,0.0,0.0,1.0,25,0.0
Sam Johnstone,Crystal Palace,0.0,0.0,0.0,42308.5,0.0,0.0,0.0,0.0,0.0,1.0,0.0,25,0.0
Sam Johnstone,Wolves,33.1578947368421,0.6831578947368421,1.2105263157894737,44768.94736842105,2.210526315789474,10.200000000000001,0.5263157894736842,0.0,0.0,1.0,0.0,25,0.0
Sam Morsy,Ipswich,77.71428571428571,1.710952380952381,0.0,21393.85714285714,12.428571428571429,13.180952380952382,10.485714285714286,0.0,0.0,0.0,1.0,25,0.16
Sam Szmodics,Ipswich,46.42857142857143,1.1038095238095238,0.0,33025.333333333336,7.523809523809524,9.971428571428572,3.880952380952381,0.0,0.0,0.0,1.0,25,0.0
Samuel Amissah,Fulham,0.0,0.0,0.0,1160.0,0.0,0.0,0.0,1.0,0.0,0.0,0.0,25,0.0
Samuel Amo-Ameyaw,Southampton,1.2380952380952381,0.05285714285714286,0.0,12974.904761904761,0.047619047619047616,0.19047619047619047,0.7666666666666667,0.0,0.0,0.0,1.0,25,0.0
Samuel Edozie,Southampton,3.0476190476190474,0.014761904761904763,0.0,1500.0,0.2857142857142857,0.4666666666666667,0.9047619047619048,0.0,0.0,0.0,1.0,25,0.0
Samuel Iling-Junior,Aston Villa,0.0,0.0,0.0,3104.809523809524,0.0,0.0,0.0,0.0,0.0,0.0,1.0,25,0.0
Samuel Rak-Sakyi,Chelsea,0.0,0.0,0.0,102.66666666666667,0.0,0.0,0.0,0.0,0.0,0.0,1.0,25,0.0
Sander Berge,Fulham,47.8,0.708,0.0,2134.1,7.75,8.620000000000001,7.475,0.0,0.0,0.0,1.0,25,0.0
Sandro Tonali,Newcastle,56.523809523809526,0.7014285714285714,0.0,32880.71428571428,9.0,8.723809523809525,8.376190476190477,0.0,0.0,0.0,1.0,25,0.0
Santiago Bueno,Wolves,54.76190476190476,0.9642857142857143,0.0,7956.285714285715,4.285714285714286,9.961904761904762,0.35714285714285715,1.0,0.0,0.0,0.0,25,0.0
Saša Kalajdžić,Wolves,0.0,0.0,0.0,4953.571428571428,0.0,0.0,0.0,0.0,1.0,0.0,0.0,25,0.0
Saša Lukić,Fulham,59.142857142857146,0.8152380952380953,0.0,4936.142857142857,7.761904761904762,8.247619047619047,7.423809523809524,0.0,0.0,0.0,1.0,25,0.0
Scott Carson,Man City,0.0,0.0,0.0,21098.95238095238,0.0,0.0,0.0,0.0,0.0,1.0,0.0,25,0.0
Scott McTominay,Man Utd,0.8095238095238095,0.03142857142857143,0.0,27751.285714285714,0.19047619047619047,0.1523809523809524,0.014285714285714287,0.0,0.0,0.0,1.0,25,0.0
Sean Longstaff,Newcastle,33.857142857142854,0.44095238095238093,0.0,66446.71428571429,4.9523809523809526,4.380952380952381,3.5952380952380953,0.0,0.0,0.0,1.0,25,0.0
Sepp van den Berg,Brentford,71.35,1.3825,0.0,273156.55,5.45,15.02,3.7,1.0,0.0,0.0,0.0,25,0.0
Sepp van den Berg,Liverpool,0.0,0.0,0.0,32790.0,0.0,0.0,0.0,1.0,0.0,0.0,0.0,25,0.0
Sergio Reguilón,Spurs,4.0476190476190474,0.0561904761904762,0.0,20322.714285714286,0.8095238095238095,0.7714285714285714,0.8904761904761904,1.0,0.0,0.0,0.0,25,0.0
Shea Charles,Southampton,0.0,0.0,0.0,4314.333333333333,0.0,0.0,0.0,0.0,0.0,0.0,1.0,25,0.0
Sil Swinkels,Aston Villa,0.0,0.0,0.0,6796.8421052631575,0.0,0.0,0.0,1.0,0.0,0.0,0.0,25,0.0
Simon Adingra,Brighton,25.952380952380953,0.4176190476190476,0.0,53735.09523809524,5.333333333333333,6.552380952380952,5.2,0.0,0.0,0.0,1.0,25,0.0
Solly March,Brighton,0.09523809523809523,0.0,0.0,805.6666666666666,0.19047619047619047,0.047619047619047616,0.0,0.0,0.0,0.0,1.0,25,0.0
Son Heung-min,Spurs,62.523809523809526,1.1576190476190475,0.0,714192.2857142857,18.095238095238095,21.799999999999997,22.561904761904763,0.0,0.0,0.0,1.0,25,0.39
Spike Brits,Man City,0.0,0.0,0.0,184.75,0.0,0.0,0.0,0.0,0.0,1.0,0.0,25,0.0
Stefan Bajčetić Maquieira,Liverpool,0.0,0.0,0.0,6921.95,0.0,0.0,0.0,0.0,0.0,0.0,1.0,25,0.0
Stefan Ortega Moreno,Man City,34.285714285714285,0.6323809523809525,1.1428571428571428,63072.04761904762,5.190476190476191,10.047619047619047,0.0,0.0,0.0,1.0,0.0,25,0.0
Stephy Mavididi,Leicester,57.142857142857146,1.2185714285714286,0.0,61323.04761904762,9.285714285714286,12.704761904761906,14.733333333333333,0.0,0.0,0.0,1.0,25,0.0
Steven Benda,Fulham,0.0,0.0,0.0,46812.28571428572,0.0,0.0,0.0,0.0,0.0,1.0,0.0,25,0.0
Sugawara Yukinari,Southampton,50.714285714285715,1.3442857142857143,0.0,22464.714285714286,5.809523809523809,11.19047619047619,11.452380952380953,1.0,0.0,0.0,0.0,25,0.0
Sven Botman,Newcastle,8.571428571428571,0.11380952380952382,0.0,1704.5238095238096,1.6666666666666667,1.7714285714285716,0.09999999999999998,1.0,0.0,0.0,0.0,25,0.0
Sávio 'Savinho' Moreira de Oliveira,Man City,51.285714285714285,0.7066666666666667,0.0,152237.2380952381,14.047619047619047,13.514285714285714,21.614285714285714,0.0,0.0,0.0,1.0,25,0.0
Séamus Coleman,Everton,9.8,0.21600000000000003,0.0,3640.15,0.45,1.9,0.095,1.0,0.0,0.0,0.0,25,0.0
Sékou Mara,Southampton,0.0,0.0,0.0,4064.3809523809523,0.0,0.0,0.0,0.0,1.0,0.0,0.0,25,0.0
Taiwo Awoniyi,Nott'm Forest,10.428571428571429,0.13999999999999999,0.0,41714.95238095238,2.857142857142857,2.2666666666666666,1.1238095238095238,0.0,1.0,0.0,0.0,25,0.0
Tariq Lamptey,Brighton,16.523809523809526,0.31333333333333335,0.0,28150.809523809523,2.619047619047619,6.6,2.3000000000000003,1.0,0.0,0.0,0.0,25,0.0
Tawanda Chirewa,Wolves,0.0,0.0,0.0,4319.523809523809,0.0,0.0,0.0,0.0,0.0,0.0,1.0,25,0.0
Taylor Harwood-Bellis,Southampton,79.47619047619048,1.9747619047619047,0.0,1014812.1428571428,7.809523809523809,21.40952380952381,6.871428571428572,1.0,0.0,0.0,0.0,25,0.0
Thomas Partey,Arsenal,75.28571428571429,0.7976190476190477,0.0,106708.33333333333,15.904761904761905,16.98095238095238,9.714285714285714,0.0,0.0,0.0,1.0,25,0.38
Thomas Wilson-Brown,Leicester,0.0,0.0,0.0,267.0,0.0,0.0,0.0,1.0,0.0,0.0,0.0,25,0.0
Tim Iroegbunam,Everton,19.05,0.418,0.0,72784.4,1.45,2.35,1.355,0.0,0.0,0.0,1.0,25,0.0
Tim Ream,Fulham,0.0,0.0,0.0,751.2380952380952,0.0,0.0,0.0,1.0,0.0,0.0,0.0,25,0.0
Timo Werner,Spurs,23.61904761904762,0.540952380952381,0.0,18881.380952380954,5.571428571428571,5.447619047619047,7.023809523809524,0.0,0.0,0.0,1.0,25,0.0
Timothy Castagne,Fulham,29.904761904761905,0.4457142857142857,0.0,130905.0,3.6666666666666665,7.038095238095239,3.7142857142857144,1.0,0.0,0.0,0.0,25,0.0
Tino Livramento,Newcastle,66.61904761904762,0.939047619047619,0.0,231558.2380952381,10.761904761904763,13.380952380952381,6.838095238095238,1.0,0.0,0.0,0.0,25,0.01
Toby Collyer,Man Utd,3.857142857142857,0.05904761904761905,0.0,4885.9047619047615,0.9523809523809523,0.9142857142857143,0.6761904761904761,0.0,0.0,0.0,1.0,25,0.0
Tom Cairney,Fulham,17.476190476190474,0.23380952380952383,0.0,3534.190476190476,5.380952380952381,4.542857142857143,6.747619047619047,0.0,0.0,0.0,1.0,25,0.0
Tom Cannon,Leicester,0.0,0.0,0.0,68704.38095238095,0.0,0.0,0.0,0.0,1.0,0.0,0.0,25,0.0
Tom Edozie,Wolves,0.0,0.0,0.0,1000.8,0.0,0.0,0.0,0.0,0.0,0.0,1.0,25,0.0
Tom Heaton,Man Utd,0.0,0.0,0.0,24936.85714285714,0.0,0.0,0.0,0.0,0.0,1.0,0.0,25,0.0
Tom King,Wolves,0.0,0.0,0.0,161637.33333333334,0.0,0.0,0.0,0.0,0.0,1.0,0.0,25,0.0
Tomiyasu Takehiro,Arsenal,0.2857142857142857,0.0019047619047619048,0.0,4265.285714285715,0.09523809523809523,0.01904761904761905,0.014285714285714285,1.0,0.0,0.0,0.0,25,0.0
Tommy Doyle,Wolves,20.523809523809526,0.44095238095238093,0.0,4594.714285714285,5.0,4.657142857142857,4.709523809523809,0.0,0.0,0.0,1.0,25,0.0
Tommy Setford,Arsenal,0.0,0.0,0.0,3314.3684210526317,0.0,0.0,0.0,0.0,0.0,1.0,0.0,25,0.0
Tomáš Souček,West Ham,68.23809523809524,1.2619047619047619,0.0,247545.33333333334,11.666666666666666,16.8,8.661904761904761,0.0,0.0,0.0,1.0,25,0.28
Tony Yogane,Brentford,0.0,0.0,0.0,1291.5294117647059,0.0,0.0,0.0,0.0,0.0,0.0,1.0,25,0.0
Tosin Adarabioyo,Chelsea,30.476190476190474,0.5185714285714286,0.0,21730.809523809523,5.095238095238095,6.904761904761905,0.9095238095238096,1.0,0.0,0.0,0.0,25,0.0
Toti António Gomes,Wolves,60.142857142857146,1.0704761904761906,0.0,24298.380952380954,7.0476190476190474,13.533333333333333,2.704761904761905,1.0,0.0,0.0,0.0,25,0.0
Trent Alexander-Arnold,Liverpool,74.2,0.6265,0.0,2857423.6,18.05,22.03,28.675,1.0,0.0,0.0,0.0,25,0.03
Trevoh Chalobah,Chelsea,0.0,0.0,0.0,17028.666666666668,0.0,0.0,0.0,1.0,0.0,0.0,0.0,25,0.0
Trevoh Chalobah,Crystal Palace,58.888888888888886,0.8611111111111112,0.0,50650.833333333336,12.0,17.166666666666668,3.2777777777777777,1.0,0.0,0.0,0.0,25,0.0
Treymaurice Nyoni,Liverpool,0.0,0.0,0.0,224.375,0.0,0.0,0.0,0.0,0.0,0.0,1.0,25,0.0
Tyler Adams,Bournemouth,28.142857142857142,0.4619047619047619,0.0,1532.142857142857,4.333333333333333,6.20952380952381,3.357142857142857,0.0,0.0,0.0,1.0,25,0.0
Tyler Dibling,Southampton,58.333333333333336,1.5085714285714285,0.0,219533.66666666666,8.047619047619047,9.104761904761906,11.852380952380953,0.0,0.0,0.0,1.0,25,0.0
Tyler Morton,Liverpool,0.0,0.0,0.0,11820.25,0.0,0.0,0.0,0.0,0.0,0.0,1.0,25,0.0
Tyrell Malacia,Man Utd,4.285714285714286,0.019523809523809527,0.0,1393.4285714285713,-0.14285714285714285,0.09523809523809523,0.6571428571428571,1.0,0.0,0.0,0.0,25,0.0
Tyrick Mitchell,Crystal Palace,86.76190476190476,1.4042857142857141,0.0,181445.61904761905,13.476190476190476,18.34285714285714,17.085714285714285,1.0,0.0,0.0,0.0,25,0.0
Tyrique George,Chelsea,0.0,0.0,0.0,215.16666666666666,0.0,0.0,0.0,0.0,0.0,0.0,1.0,25,0.0
Tyrone Mings,Aston Villa,16.19047619047619,0.1619047619047619,0.0,7753.714285714285,2.9047619047619047,3.542857142857143,1.2142857142857142,1.0,0.0,0.0,0.0,25,0.0
Valentín Barco,Brighton,0.0,0.0,0.0,655872.7619047619,0.0,0.0,0.0,1.0,0.0,0.0,0.0,25,0.0
Victor Kristiansen,Leicester,75.0952380952381,1.6957142857142857,0.0,13224.42857142857,6.619047619047619,17.39047619047619,13.304761904761904,1.0,0.0,0.0,0.0,25,0.0
Victor Lindelöf,Man Utd,2.8095238095238093,0.06571428571428571,0.0,9356.0,0.47619047619047616,0.8571428571428571,0.7380952380952381,1.0,0.0,0.0,0.0,25,0.0
Viljami Sinisalo,Aston Villa,0.0,0.0,0.0,100.61904761904762,0.0,0.0,0.0,0.0,0.0,1.0,0.0,25,0.0
Virgil van Dijk,Liverpool,90.0,0.9045,0.0,2002806.15,17.2,23.28,5.125,1.0,0.0,0.0,0.0,25,0.08
Vitalii Mykolenko,Everton,77.75,1.1395,0.0,539625.1,10.35,13.48,10.77,1.0,0.0,0.0,0.0,25,0.0
Vitaly Janelt,Brentford,71.28571428571429,1.2833333333333332,0.0,38150.19047619047,13.428571428571429,12.952380952380953,10.185714285714287,0.0,0.0,0.0,1.0,25,0.2
Vladimír Coufal,West Ham,27.047619047619047,0.569047619047619,0.0,61730.76190476191,1.619047619047619,4.6571428571428575,4.166666666666667,1.0,0.0,0.0,0.0,25,0.0
Vítezslav Jaros,Liverpool,0.6875,0.00875,0.0625,18427.125,0.375,0.55,0.0,0.0,0.0,1.0,0.0,25,0.0
Wanya Marçal-Madivádua,Leicester,0.0,0.0,0.0,2322.3809523809523,0.0,0.0,0.0,0.0,0.0,0.0,1.0,25,0.0
Wayne Hennessey,Nott'm Forest,0.0,0.0,0.0,123.0,0.0,0.0,0.0,0.0,0.0,1.0,0.0,25,0.0
Welington Damascena Santos,Southampton,0.0,0.0,0.0,105.0,0.0,0.0,0.0,1.0,0.0,0.0,0.0,25,0.0
Wes Burns,Ipswich,42.57142857142857,1.1133333333333333,0.0,4608.714285714285,6.666666666666667,5.314285714285714,7.023809523809524,0.0,0.0,0.0,1.0,25,0.0
Wes Foderingham,West Ham,0.0,0.0,0.0,15396.190476190477,0.0,0.0,0.0,0.0,0.0,1.0,0.0,25,0.0
Wes Okoduwa,Wolves,0.0,0.0,0.0,206.5,0.0,0.0,0.0,1.0,0.0,0.0,0.0,25,0.0
Wesley Fofana,Chelsea,48.333333333333336,0.6661904761904762,0.0,47217.57142857143,6.333333333333333,8.914285714285715,3.3333333333333335,1.0,0.0,0.0,0.0,25,0.0
Wilfred Ndidi,Leicester,57.904761904761905,1.2566666666666666,0.0,38722.52380952381,9.714285714285714,15.552380952380954,7.409523809523809,0.0,0.0,0.0,1.0,25,0.0
Will Alves,Leicester,0.047619047619047616,0.0,0.0,9853.761904761905,0.14285714285714285,0.0,0.014285714285714285,0.0,0.0,0.0,1.0,25,0.0
Will Dennis,Bournemouth,0.0,0.0,0.0,39095.90476190476,0.0,0.0,0.0,0.0,0.0,1.0,0.0,25,0.0
Will Hughes,Crystal Palace,54.61904761904762,0.9442857142857142,0.0,4582.380952380952,8.380952380952381,10.609523809523811,14.576190476190478,0.0,0.0,0.0,1.0,25,0.0
Will Lankshear,Spurs,0.42857142857142855,0.0009523809523809524,0.0,155292.47619047618,0.2857142857142857,0.0,0.0,0.0,1.0,0.0,0.0,25,0.0
Will Smallbone,Southampton,12.714285714285714,0.32142857142857145,0.0,3215.5238095238096,1.619047619047619,1.0952380952380953,2.761904761904762,0.0,0.0,0.0,1.0,25,0.0
William Osula,Newcastle,1.9047619047619047,0.06190476190476189,0.0,15693.714285714286,0.9047619047619048,0.24761904761904763,0.4904761904761905,0.0,1.0,0.0,0.0,25,0.0
William Saliba,Arsenal,82.80952380952381,0.7604761904761905,0.0,3152238.761904762,15.333333333333334,18.876190476190477,3.723809523809524,1.0,0.0,0.0,0.0,25,0.03
Willy Boly,Nott'm Forest,5.380952380952381,0.08095238095238096,0.0,16126.190476190477,0.9523809523809523,1.961904761904762,0.009523809523809525,1.0,0.0,0.0,0.0,25,0.0
Wilson Odobert,Spurs,7.619047619047619,0.07761904761904762,0.0,3043.6190476190477,0.5714285714285714,0.47619047619047616,1.9285714285714286,0.0,0.0,0.0,1.0,25,0.0
Wout Faes,Leicester,65.33333333333333,1.4728571428571429,0.0,1157709.761904762,5.380952380952381,16.79047619047619,2.342857142857143,1.0,0.0,0.0,0.0,25,0.0
Yankuba Minteh,Brighton,31.285714285714285,0.43238095238095237,0.0,94430.80952380953,5.9523809523809526,6.828571428571429,8.561904761904762,0.0,0.0,0.0,1.0,25,0.0
Yasin Ayari,Brighton,52.38095238095238,0.7947619047619048,0.0,2984.6190476190477,7.9523809523809526,8.390476190476189,13.5,0.0,0.0,0.0,1.0,25,0.0
Yehor Yarmoliuk,Brentford,24.61904761904762,0.5961904761904762,0.0,317103.28571428574,5.619047619047619,5.79047619047619,4.214285714285714,0.0,0.0,0.0,1.0,25,0.0
Yerson Mosquera,Wolves,21.0,0.2680952380952381,0.0,71164.28571428571,1.1428571428571428,5.247619047619048,1.3,1.0,0.0,0.0,0.0,25,0.0
Yoane Wissa,Brentford,66.23809523809524,1.1304761904761904,0.0,736894.2857142857,18.38095238095238,20.114285714285717,8.5,0.0,1.0,0.0,0.0,25,0.36
Youri Tielemans,Aston Villa,84.33333333333333,1.0742857142857143,0.0,131107.7142857143,17.571428571428573,18.961904761904762,30.757142857142856,0.0,0.0,0.0,1.0,25,0.32
Youssef Ramalho Chermiti,Everton,0.0,0.0,0.0,1378.1,0.0,0.0,0.0,0.0,1.0,0.0,0.0,25,0.0
Yunus Emre Konak,Brentford,0.9047619047619048,0.058095238095238096,0.0,7250.619047619048,0.47619047619047616,0.06666666666666667,0.07619047619047618,0.0,0.0,0.0,1.0,25,0.0
Yves Bissouma,Spurs,45.80952380952381,0.8500000000000001,0.0,36995.47619047619,9.142857142857142,9.733333333333333,4.338095238095238,0.0,0.0,0.0,1.0,25,0.0
Zach Abbott,Nott'm Forest,0.0,0.0,0.0,702.6666666666666,0.0,0.0,0.0,1.0,0.0,0.0,0.0,25,0.0
Zach Marsh,Crystal Palace,0.0,0.0,0.0,30004.090909090908,0.0,0.0,0.0,0.0,1.0,0.0,0.0,25,0.0
Álex Moreno Lopera,Aston Villa,0.0,0.0,0.0,60127.0,0.0,0.0,0.0,1.0,0.0,0.0,0.0,25,0.0
Álex Moreno Lopera,Nott'm Forest,39.4,0.529,0.0,64246.35,5.5,7.93,3.9300000000000006,1.0,0.0,0.0,0.0,25,0.0
Ângelo Gabriel Borges Damaceno,Chelsea,0.0,0.0,0.0,18991.571428571428,0.0,0.0,0.0,0.0,0.0,0.0,1.0,25,0.0
Đorđe Petrović,Chelsea,0.0,0.0,0.0,29660.190476190477,0.0,0.0,0.0,0.0,0.0,1.0,0.0,25,0.0
Łukasz Fabiański,West Ham,46.666666666666664,0.9842857142857143,2.0,1838745.0476190476,5.714285714285714,15.485714285714286,0.014285714285714285,0.0,0.0,1.0,0.0,25,0.0
